# ************************************************************
# Sequel Pro SQL dump
# Version 5446
#
# https://www.sequelpro.com/
# https://github.com/sequelpro/sequelpro
#
# Host: 5.189.168.22 (MySQL 5.5.64-MariaDB)
# Database: smartiot_test_db
# Generation Time: 2021-09-12 19:11:44 +0000
# ************************************************************


/*!40101 SET @OLD_CHARACTER_SET_CLIENT=@@CHARACTER_SET_CLIENT */;
/*!40101 SET @OLD_CHARACTER_SET_RESULTS=@@CHARACTER_SET_RESULTS */;
/*!40101 SET @OLD_COLLATION_CONNECTION=@@COLLATION_CONNECTION */;
/*!40101 SET NAMES utf8 */;
SET NAMES utf8mb4;
/*!40014 SET @OLD_FOREIGN_KEY_CHECKS=@@FOREIGN_KEY_CHECKS, FOREIGN_KEY_CHECKS=0 */;
/*!40101 SET @OLD_SQL_MODE=@@SQL_MODE, SQL_MODE='NO_AUTO_VALUE_ON_ZERO' */;
/*!40111 SET @OLD_SQL_NOTES=@@SQL_NOTES, SQL_NOTES=0 */;


# Dump of table device
# ------------------------------------------------------------

DROP TABLE IF EXISTS `device`;

CREATE TABLE `device` (
  `id` int(11) unsigned NOT NULL AUTO_INCREMENT,
  `placeholder` text,
  `location` text,
  `name` text,
  `hum_score` int(11) unsigned DEFAULT NULL,
  PRIMARY KEY (`id`)
) ENGINE=InnoDB DEFAULT CHARSET=latin1;

LOCK TABLES `device` WRITE;
/*!40000 ALTER TABLE `device` DISABLE KEYS */;

INSERT INTO `device` (`id`, `placeholder`, `location`, `name`, `hum_score`)
VALUES
	(1,NULL,'Wohnzimmer','Das Teil das misst',NULL),
	(2,NULL,'Schlafzimmer','SmartIOT sensor',NULL),
	(3,NULL,'Schlafzimmer',NULL,NULL),
	(4,'5e1fef2fb59e0979b3ec486bbcd57f46c04e81cdc5e5665f21ba46a44b2fc4a5',NULL,NULL,NULL),
	(5,'5d1fef2fb59e0979b3ec486bbcd57f46c04e81cdc5e5665f21ba46a44b2fc4a5',NULL,NULL,NULL),
	(6,'9d1fef2fb59e0979b3ec486bbce57f46c04e81cdc5e5665f21ba46a44b2fc4a5',NULL,NULL,NULL),
	(7,'d798f86cab8403b18a4f21801b5358799a4eba460a3c55652096b1d2e7b2e933',NULL,NULL,NULL),
	(8,'e68bbc1e380dcb9db34165c7229a908c3fde57eacbf574f1f309a54d5ba7cfce',NULL,NULL,NULL),
	(9,'dca57fdbea6581a0af1eea87f9cb555db6b9835a86a526face6543f4dd547412',NULL,NULL,NULL),
	(10,'37922a4f24debc9d285359edb373d1c46ba03927ed628386b469cce7232b98f5',NULL,NULL,NULL),
	(11,'948362b3c3b0debd41c21bb586c608e9a283bd9423f34cb0028648cc6fe414f6',NULL,NULL,NULL),
	(12,'560a420df1f7ab289a36a6517635c7b1495391172a74c6dadaa831abe0b736f8',NULL,NULL,NULL),
	(13,'2a8931d3d144fd18b8e13820a96f3fce6c6674cb81f09cbbdbd5a511b0b2356e',NULL,NULL,NULL),
	(14,'b29f63636a8d56a4dbaa9123ff7afe8cb601c1104d40f34c1a3226b572b60341',NULL,NULL,NULL),
	(15,'ccadd99b16cd3d200c22d6db45d8b6630ef3d936767127347ec8a76ab992c2ea',NULL,NULL,NULL),
	(16,'3bc91b507d195c3750a56a3f5eb31160e673771c54165143146cff25680ae381',NULL,NULL,NULL),
	(17,'dc340bee7b2f9c119ef0ffae570332c1626be18641e8edcdc773eb5263432519',NULL,NULL,NULL),
	(18,'3f600d101f43dbd1045b0af2a5dba3828d8011b905ea12f41edc35593d4f3443',NULL,NULL,NULL),
	(19,'43b9066f81201b96f72ddbec14adce61577ab2a63f747e45f0e80f56daef8764',NULL,NULL,NULL),
	(20,'c90dc6282a7f7e1df3039ceeb54bff95e8dc0630b599d3ae31f7b142b8523a48',NULL,NULL,NULL),
	(21,'1a065d9be29fae31a7e7acb60f44f6f52cdda324d17de9b8c866fbdb292ed3f0',NULL,NULL,NULL),
	(22,'7o1fef2fb59e0979b3ec486bbcd57f46c04e81cdc5e5665f21ba46a44b2fc4a5',NULL,NULL,NULL),
	(23,'282f96b34ff8d179137b56e64bf3ee0fa9defedf48b96bc8247ff2d877ee3267',NULL,NULL,NULL),
	(24,'b440c2f6243de2c2aca43f38afc76ccbbec8388614d9d4f769c3abdfdf49b56b',NULL,NULL,NULL);

/*!40000 ALTER TABLE `device` ENABLE KEYS */;
UNLOCK TABLES;


# Dump of table measurement
# ------------------------------------------------------------

DROP TABLE IF EXISTS `measurement`;

CREATE TABLE `measurement` (
  `id` int(11) unsigned NOT NULL AUTO_INCREMENT,
  `timestamp` int(11) unsigned NOT NULL,
  `device` int(11) unsigned NOT NULL,
  `co2` double DEFAULT NULL,
  `temp` double DEFAULT NULL,
  `pressure` double DEFAULT NULL,
  `humidity` double DEFAULT NULL,
  `iaq` double DEFAULT NULL,
  PRIMARY KEY (`id`),
  KEY `device` (`device`),
  KEY `timestamp` (`timestamp`),
  CONSTRAINT `measurement_device_id` FOREIGN KEY (`device`) REFERENCES `device` (`id`),
  CONSTRAINT `measurement_timestamp_id` FOREIGN KEY (`timestamp`) REFERENCES `timestamp` (`id`)
) ENGINE=InnoDB DEFAULT CHARSET=latin1;

LOCK TABLES `measurement` WRITE;
/*!40000 ALTER TABLE `measurement` DISABLE KEYS */;

INSERT INTO `measurement` (`id`, `timestamp`, `device`, `co2`, `temp`, `pressure`, `humidity`, `iaq`)
VALUES
	(1,1,1,NULL,30,NULL,NULL,NULL),
	(2,2,2,NULL,21,1014,53,NULL),
	(3,3,4,89,15,7,24,NULL),
	(4,39,10,0.5,25,0.3,0.66,NULL),
	(5,1,11,0.5,26,0.2,0.77,NULL),
	(6,58,10,0.5,25,0.3,0.66,NULL),
	(7,60,10,0.5,25,0.3,0.66,NULL),
	(8,61,10,0.5,25,0.3,0.66,NULL),
	(9,74,14,0.5,25,0.3,0.66,NULL),
	(10,75,14,1,1,1,1,NULL),
	(11,92,14,36,1,1,1,NULL),
	(12,93,14,36,36,1,1,NULL),
	(13,103,14,36,36,1,1,NULL),
	(14,104,14,36,36,1,1,NULL),
	(15,105,14,36,36,1,1,NULL),
	(16,106,14,36,36,1,1,NULL),
	(17,107,14,36,36,1,1,NULL),
	(18,108,14,36,36,1,1,NULL),
	(19,109,14,36,36,1,1,NULL),
	(20,110,14,36,36,1,1,NULL),
	(21,111,14,36,36,1,1,NULL),
	(22,112,14,36,36,1,1,NULL),
	(23,113,14,950,36,1,1,NULL),
	(24,114,14,1337,33,1,1,NULL),
	(25,115,10,0.5,25,0.3,0.66,NULL),
	(26,116,10,0.5,25,0.3,0.66,NULL),
	(27,118,10,0.5,25,0.3,0.66,NULL),
	(28,119,10,3,25,0.3,0.66,NULL),
	(29,122,10,0.5,25,0.3,0.66,NULL),
	(30,123,10,0.5,25,0.3,0.66,NULL),
	(31,125,14,1,25,0.3,0.66,NULL),
	(32,126,14,1,25,0.3,0.66,NULL),
	(33,127,14,1,25,0.3,0.66,NULL),
	(34,128,14,1,25,0.3,0.66,NULL),
	(35,129,14,1,25,0.3,0.66,NULL),
	(36,130,14,1,25,0.3,0.66,NULL),
	(37,131,14,1,25,0.3,0.66,NULL),
	(38,132,14,1,25,0.3,0.66,NULL),
	(39,133,14,1,25,0.3,0.66,NULL),
	(40,134,14,1,25,0.3,0.66,NULL),
	(41,135,14,1,25,0.3,0.66,NULL),
	(42,136,14,1,25,0.3,0.66,NULL),
	(43,137,14,1,25,0.3,0.66,NULL),
	(44,138,14,1,25,0.3,0.66,NULL),
	(45,139,14,1,25,0.3,0.66,NULL),
	(46,140,14,1,25,0.3,0.66,NULL),
	(47,141,14,1,25,0.3,0.66,NULL),
	(48,142,14,1,25,0.3,0.66,NULL),
	(49,143,14,1,25,0.3,0.66,NULL),
	(50,144,14,1,25,0.3,0.66,NULL),
	(51,145,14,1,25,0.3,0.66,NULL),
	(52,146,14,1,25,0.3,0.66,NULL),
	(53,147,14,1,25,0.3,0.66,NULL),
	(54,148,14,1,25,0.3,0.66,NULL),
	(55,149,14,1,25,0.3,0.66,NULL),
	(56,150,14,1,25,0.3,0.66,NULL),
	(57,151,14,1,25,0.3,0.66,NULL),
	(58,152,14,1,25,0.3,0.66,NULL),
	(59,153,14,1,25,0.3,0.66,NULL),
	(60,154,14,1,25,0.3,0.66,NULL),
	(61,155,14,1,25,0.3,0.66,NULL),
	(62,156,14,1,25,0.3,0.66,NULL),
	(63,157,14,1,25,0.3,0.66,NULL),
	(64,158,14,1,25,0.3,0.66,NULL),
	(65,159,14,1,25,0.3,0.66,NULL),
	(66,160,14,1,25,0.3,0.66,NULL),
	(67,161,14,1,25,0.3,0.66,NULL),
	(68,162,14,1,25,0.3,0.66,NULL),
	(69,163,14,1,25,0.3,0.66,NULL),
	(70,164,14,1,25,0.3,0.66,NULL),
	(71,165,14,1,25,0.3,0.66,NULL),
	(72,166,14,1,25,0.3,0.66,NULL),
	(73,167,14,1,25,0.3,0.66,NULL),
	(74,168,14,1,25,0.3,0.66,NULL),
	(75,169,14,1,25,0.3,0.66,NULL),
	(76,170,14,1,25,0.3,0.66,NULL),
	(77,171,14,1,25,0.3,0.66,NULL),
	(78,172,14,1,25,0.3,0.66,NULL),
	(79,173,14,1,25,0.3,0.66,NULL),
	(80,174,14,1,25,0.3,0.66,NULL),
	(81,181,14,1,26,37,1006,NULL),
	(82,182,14,1,26,37,1006,NULL),
	(83,183,14,1,26,37,1006,NULL),
	(84,184,14,1,26,37,1006,NULL),
	(85,185,14,1,26,37,1006,NULL),
	(86,186,14,1,26,37,1006,NULL),
	(87,187,14,1,26,37,1006,NULL),
	(88,188,14,1,26,37,1006,NULL),
	(89,189,14,1,26,37,1006,NULL),
	(90,190,14,1,26,41,1006,NULL),
	(91,191,14,1,27,64,1007,NULL),
	(92,192,14,1,28,69,1007,NULL),
	(93,193,14,1,28,70,1007,NULL),
	(94,194,14,1,28,61,1007,NULL),
	(95,195,14,1,28,50,1007,NULL),
	(96,196,14,1,28,45,1007,NULL),
	(97,197,14,1,28,39,1007,NULL),
	(98,198,14,1,28,37,1007,NULL),
	(99,199,14,1,28,37,1007,NULL),
	(100,200,14,1,28,36,1006,NULL),
	(101,201,14,1,27,36,1006,NULL),
	(102,202,14,1,27,36,1006,NULL),
	(103,203,14,1,27,35,1006,NULL),
	(104,204,14,1,27,35,1006,NULL),
	(105,205,14,1,27,35,1006,NULL),
	(106,206,14,1,27,35,1006,NULL),
	(107,207,14,1,27,36,1006,NULL),
	(108,208,14,1,27,36,1006,NULL),
	(109,209,14,1,27,36,1006,NULL),
	(110,210,14,1,27,36,1006,NULL),
	(111,211,14,1,27,36,1006,NULL),
	(112,212,14,1,26,36,1006,NULL),
	(113,213,14,1,26,36,1006,NULL),
	(114,214,14,1,26,36,1006,NULL),
	(115,215,14,1,26,36,1006,NULL),
	(116,216,14,1,26,36,1006,NULL),
	(117,217,14,1,26,36,1006,NULL),
	(118,218,14,1,26,36,1006,NULL),
	(119,219,14,1,26,36,1006,NULL),
	(120,220,14,1,26,36,1006,NULL),
	(121,221,14,1,26,36,1006,NULL),
	(122,222,14,1,26,36,1006,NULL),
	(123,223,14,1,26,36,1006,NULL),
	(124,224,14,1,26,36,1006,NULL),
	(125,225,14,1,26,36,1006,NULL),
	(126,226,14,1,26,36,1006,NULL),
	(127,227,14,1,26,36,1006,NULL),
	(128,228,14,1,26,36,1006,NULL),
	(129,231,10,0.5,25,0.3,0.66,NULL),
	(130,232,14,1,26,39,1006,NULL),
	(131,233,14,1,25,43,1006,NULL),
	(132,234,14,1,26,40,1006,NULL),
	(133,235,14,1,26,39,1006,NULL),
	(134,236,14,1,26,38,1006,NULL),
	(135,237,14,1,26,38,1006,NULL),
	(136,238,14,1,26,38,1006,NULL),
	(137,239,14,1,26,38,1006,NULL),
	(138,240,14,1,26,38,1006,NULL),
	(139,241,14,1,26,38,1006,NULL),
	(140,242,14,1,26,38,1006,NULL),
	(141,243,14,1,26,38,1006,NULL),
	(142,244,14,1,26,38,1006,NULL),
	(143,245,14,1,26,38,1006,NULL),
	(144,246,14,1,26,38,1006,NULL),
	(145,247,14,1,26,38,1006,NULL),
	(146,248,14,1,26,38,1006,NULL),
	(147,249,14,1,26,38,1006,NULL),
	(148,250,14,1,26,38,1006,NULL),
	(149,251,14,1,26,38,1006,NULL),
	(150,252,14,1,26,38,1006,NULL),
	(151,253,14,1,26,38,1006,NULL),
	(152,254,14,1,26,38,1006,NULL),
	(153,255,14,1,26,37,1006,NULL),
	(154,256,14,1,26,38,1006,NULL),
	(155,257,14,1,26,38,1006,NULL),
	(156,258,14,1,26,38,1006,NULL),
	(157,259,14,1,26,46,1006,NULL),
	(158,260,14,1,26,44,1006,NULL),
	(159,261,14,1,26,42,1006,NULL),
	(160,262,14,1,26,40,1006,NULL),
	(161,263,14,1,26,39,1006,NULL),
	(162,264,14,1,26,38,1006,NULL),
	(163,265,14,1,26,38,1006,NULL),
	(164,266,14,1,26,37,1006,NULL),
	(165,267,14,1,26,37,1006,NULL),
	(166,268,14,1,26,37,1006,NULL),
	(167,269,14,1,26,37,1006,NULL),
	(168,270,14,1,26,37,1006,NULL),
	(169,271,14,1,26,37,1006,NULL),
	(170,272,14,1,26,37,1006,NULL),
	(171,273,14,1,26,45,1006,NULL),
	(172,274,14,1,27,66,1006,NULL),
	(173,275,14,1,27,77,1006,NULL),
	(174,276,14,1,27,54,1006,NULL),
	(175,277,14,1,27,47,1006,NULL),
	(176,278,14,1,27,44,1006,NULL),
	(177,279,14,1,27,42,1006,NULL),
	(178,280,14,1,26,39,1006,NULL),
	(179,281,14,1,26,39,1006,NULL),
	(180,282,14,1,26,38,1006,NULL),
	(181,283,14,1,26,38,1006,NULL),
	(182,284,14,1,26,38,1006,NULL),
	(183,285,14,1,26,38,1006,NULL),
	(184,286,14,1,26,37,1006,NULL),
	(185,287,14,1,26,37,1006,NULL),
	(186,288,14,1,26,37,1006,NULL),
	(187,289,14,1,26,37,1006,NULL),
	(188,290,14,1,26,37,1006,NULL),
	(189,291,14,1,26,37,1006,NULL),
	(190,292,14,1,26,37,1006,NULL),
	(191,293,14,1,26,37,1006,NULL),
	(192,294,14,1,26,37,1006,NULL),
	(193,295,14,1,26,37,1006,NULL),
	(194,296,14,1,26,37,1006,NULL),
	(195,297,14,1,26,37,1006,NULL),
	(196,298,14,1,26,37,1006,NULL),
	(197,299,14,1,26,37,1006,NULL),
	(198,300,14,1,26,37,1006,NULL),
	(199,301,14,1,26,37,1006,NULL),
	(200,302,14,1,26,37,1006,NULL),
	(201,303,14,1,26,37,1006,NULL),
	(202,304,14,1,26,37,1006,NULL),
	(203,305,14,1,26,37,1006,NULL),
	(204,306,14,1,26,37,1006,NULL),
	(205,307,14,1,26,37,1006,NULL),
	(206,308,14,1,26,37,1006,NULL),
	(207,309,14,1,26,37,1006,NULL),
	(208,310,14,1,26,37,1006,NULL),
	(209,311,14,1,26,37,1006,NULL),
	(210,312,14,1,26,37,1006,NULL),
	(211,313,14,1,26,37,1006,NULL),
	(212,314,14,1,26,37,1006,NULL),
	(213,315,14,1,26,37,1006,NULL),
	(214,316,14,1,26,38,1006,NULL),
	(215,317,14,1,26,38,1006,NULL),
	(216,318,14,1,26,38,1006,NULL),
	(217,319,14,1,26,38,1006,NULL),
	(218,320,14,1,26,38,1006,NULL),
	(219,321,14,1,26,38,1006,NULL),
	(220,322,14,1,26,38,1006,NULL),
	(221,323,14,1,26,38,1006,NULL),
	(222,324,14,1,26,38,1006,NULL),
	(223,325,14,1,26,38,1006,NULL),
	(224,326,14,1,26,38,1006,NULL),
	(225,327,14,1,26,38,1006,NULL),
	(226,328,14,1,26,38,1006,NULL),
	(227,329,14,1,26,38,1006,NULL),
	(228,330,14,1,26,38,1006,NULL),
	(229,331,14,1,26,38,1006,NULL),
	(230,332,14,1,26,38,1006,NULL),
	(231,333,14,1,26,38,1006,NULL),
	(232,334,14,1,26,38,1006,NULL),
	(233,335,14,1,26,38,1006,NULL),
	(234,336,14,1,26,37,1006,NULL),
	(235,337,14,1,26,37,1006,NULL),
	(236,338,14,1,26,37,1006,NULL),
	(237,339,14,1,26,37,1006,NULL),
	(238,340,14,1,26,37,1006,NULL),
	(239,341,14,1,26,37,1006,NULL),
	(240,342,14,1,26,37,1006,NULL),
	(241,343,14,1,26,37,1006,NULL),
	(242,344,14,1,26,37,1006,NULL),
	(243,345,14,1,26,37,1006,NULL),
	(244,346,14,1,26,37,1006,NULL),
	(245,347,14,1,26,37,1006,NULL),
	(246,348,14,1,26,37,1006,NULL),
	(247,349,14,1,26,37,1006,NULL),
	(248,350,14,1,26,37,1006,NULL),
	(249,351,14,1,26,37,1006,NULL),
	(250,352,14,1,26,37,1006,NULL),
	(251,353,14,1,26,37,1006,NULL),
	(252,354,14,1,26,37,1006,NULL),
	(253,355,14,1,26,37,1006,NULL),
	(254,356,14,1,26,37,1006,NULL),
	(255,357,14,1,26,37,1006,NULL),
	(256,358,14,1,26,37,1006,NULL),
	(257,359,14,1,26,37,1006,NULL),
	(258,360,14,1,26,37,1006,NULL),
	(259,361,14,1,26,37,1006,NULL),
	(260,362,14,1,26,37,1006,NULL),
	(261,363,14,1,26,37,1006,NULL),
	(262,364,14,1,26,37,1006,NULL),
	(263,365,14,1,26,37,1006,NULL),
	(264,366,14,1,26,37,1006,NULL),
	(265,367,14,1,26,37,1006,NULL),
	(266,368,14,1,26,37,1006,NULL),
	(267,369,14,1,26,37,1006,NULL),
	(268,370,14,1,26,37,1006,NULL),
	(269,371,14,1,26,37,1006,NULL),
	(270,372,14,1,26,37,1006,NULL),
	(271,373,14,1,26,37,1006,NULL),
	(272,374,14,1,26,37,1006,NULL),
	(273,375,14,1,26,37,1006,NULL),
	(274,376,14,1,26,37,1006,NULL),
	(275,377,14,1,26,37,1006,NULL),
	(276,378,14,1,26,37,1006,NULL),
	(277,379,14,1,26,37,1006,NULL),
	(278,380,14,1,26,37,1006,NULL),
	(279,381,14,1,26,37,1006,NULL),
	(280,382,14,1,26,37,1006,NULL),
	(281,383,14,1,26,37,1006,NULL),
	(282,384,14,1,26,37,1006,NULL),
	(283,385,14,1,26,37,1006,NULL),
	(284,386,14,1,26,37,1006,NULL),
	(285,387,14,1,26,37,1006,NULL),
	(286,388,14,1,26,37,1006,NULL),
	(287,389,14,1,26,37,1006,NULL),
	(288,390,14,1,26,37,1006,NULL),
	(289,391,14,1,26,37,1006,NULL),
	(290,392,14,1,26,37,1006,NULL),
	(291,393,14,1,26,37,1006,NULL),
	(292,394,14,1,26,38,1006,NULL),
	(293,395,14,1,26,38,1006,NULL),
	(294,396,14,1,26,38,1006,NULL),
	(295,397,14,1,26,38,1006,NULL),
	(296,398,14,1,26,37,1006,NULL),
	(297,399,14,1,26,37,1006,NULL),
	(298,400,14,1,26,37,1006,NULL),
	(299,401,14,1,26,37,1006,NULL),
	(300,402,14,1,26,37,1006,NULL),
	(301,403,14,1,26,37,1006,NULL),
	(302,404,14,1,26,37,1006,NULL),
	(303,405,14,1,26,37,1006,NULL),
	(304,406,14,1,26,37,1006,NULL),
	(305,407,14,1,26,37,1006,NULL),
	(306,408,14,1,26,37,1006,NULL),
	(307,409,14,1,26,37,1006,NULL),
	(308,410,14,1,26,37,1006,NULL),
	(309,411,14,1,26,37,1006,NULL),
	(310,412,14,1,26,37,1006,NULL),
	(311,413,14,1,26,37,1006,NULL),
	(312,414,14,1,26,37,1006,NULL),
	(313,415,14,1,26,37,1006,NULL),
	(314,416,14,1,26,37,1006,NULL),
	(315,417,14,1,26,37,1006,NULL),
	(316,418,14,1,26,37,1006,NULL),
	(317,419,14,1,26,37,1006,NULL),
	(318,420,14,1,26,37,1006,NULL),
	(319,421,14,1,26,37,1006,NULL),
	(320,422,14,1,26,37,1006,NULL),
	(321,423,14,1,26,37,1006,NULL),
	(322,424,14,1,26,38,1006,NULL),
	(323,425,14,1,26,38,1006,NULL),
	(324,426,14,1,26,37,1006,NULL),
	(325,427,14,1,26,37,1006,NULL),
	(326,428,14,1,26,37,1006,NULL),
	(327,429,14,1,26,37,1006,NULL),
	(328,430,14,1,26,37,1006,NULL),
	(329,431,14,1,26,37,1006,NULL),
	(330,432,14,1,26,38,1006,NULL),
	(331,433,14,1,26,37,1006,NULL),
	(332,434,14,1,26,38,1006,NULL),
	(333,435,14,1,26,37,1006,NULL),
	(334,436,14,1,26,37,1006,NULL),
	(335,437,14,1,26,37,1006,NULL),
	(336,438,14,1,26,37,1006,NULL),
	(337,439,14,1,26,37,1006,NULL),
	(338,440,14,1,26,37,1006,NULL),
	(339,441,14,1,26,37,1006,NULL),
	(340,442,14,1,26,37,1006,NULL),
	(341,443,14,1,26,37,1006,NULL),
	(342,444,14,1,26,37,1006,NULL),
	(343,445,14,1,26,37,1006,NULL),
	(344,446,14,1,26,37,1006,NULL),
	(345,447,14,1,26,37,1006,NULL),
	(346,448,14,1,26,37,1006,NULL),
	(347,449,14,1,26,38,1006,NULL),
	(348,450,14,1,26,38,1006,NULL),
	(349,451,14,1,26,38,1006,NULL),
	(350,452,14,1,26,38,1006,NULL),
	(351,453,14,1,26,37,1006,NULL),
	(352,454,14,1,26,37,1006,NULL),
	(353,455,14,1,26,37,1006,NULL),
	(354,456,14,1,26,38,1006,NULL),
	(355,457,14,1,26,38,1006,NULL),
	(356,458,14,1,26,38,1006,NULL),
	(357,459,14,1,26,38,1006,NULL),
	(358,460,14,1,26,37,1006,NULL),
	(359,461,14,1,26,37,1006,NULL),
	(360,462,14,1,26,37,1006,NULL),
	(361,463,14,1,26,37,1006,NULL),
	(362,464,14,1,26,38,1006,NULL),
	(363,465,14,1,26,38,1006,NULL),
	(364,466,14,1,26,38,1006,NULL),
	(365,467,14,1,26,38,1006,NULL),
	(366,468,14,1,26,38,1006,NULL),
	(367,469,14,1,26,38,1006,NULL),
	(368,470,14,1,26,38,1006,NULL),
	(369,471,14,1,26,37,1006,NULL),
	(370,472,14,1,26,37,1006,NULL),
	(371,473,14,1,26,37,1006,NULL),
	(372,474,14,1,26,37,1006,NULL),
	(373,475,14,1,26,37,1006,NULL),
	(374,476,14,1,26,37,1006,NULL),
	(375,477,14,1,26,37,1006,NULL),
	(376,478,14,1,26,37,1006,NULL),
	(377,479,14,1,26,37,1006,NULL),
	(378,480,14,1,26,37,1006,NULL),
	(379,481,14,1,26,37,1006,NULL),
	(380,482,14,1,26,37,1006,NULL),
	(381,483,14,1,26,37,1006,NULL),
	(382,484,14,1,26,37,1006,NULL),
	(383,485,14,1,26,37,1006,NULL),
	(384,486,14,1,26,37,1006,NULL),
	(385,487,14,1,26,37,1006,NULL),
	(386,488,14,1,26,37,1006,NULL),
	(387,489,14,1,26,37,1006,NULL),
	(388,490,14,1,26,37,1006,NULL),
	(389,491,14,1,26,37,1006,NULL),
	(390,492,14,1,26,37,1006,NULL),
	(391,493,14,1,26,37,1006,NULL),
	(392,494,14,1,26,37,1006,NULL),
	(393,495,14,1,26,37,1006,NULL),
	(394,496,14,1,26,37,1006,NULL),
	(395,497,14,1,26,37,1006,NULL),
	(396,498,14,1,26,37,1006,NULL),
	(397,499,14,1,26,37,1006,NULL),
	(398,500,14,1,26,37,1006,NULL),
	(399,501,14,1,26,37,1006,NULL),
	(400,502,14,1,26,37,1006,NULL),
	(401,503,14,1,26,37,1006,NULL),
	(402,504,14,1,26,37,1006,NULL),
	(403,505,14,1,26,37,1006,NULL),
	(404,506,14,1,26,37,1006,NULL),
	(405,507,14,1,26,37,1006,NULL),
	(406,508,14,1,26,37,1006,NULL),
	(407,509,14,1,26,37,1006,NULL),
	(408,510,14,1,26,37,1006,NULL),
	(409,511,14,1,26,37,1006,NULL),
	(410,512,14,1,26,37,1006,NULL),
	(411,513,14,1,26,37,1006,NULL),
	(412,514,14,1,26,37,1006,NULL),
	(413,515,14,1,26,37,1006,NULL),
	(414,516,14,1,26,37,1006,NULL),
	(415,517,14,1,26,37,1006,NULL),
	(416,518,14,1,26,37,1006,NULL),
	(417,519,14,1,26,37,1006,NULL),
	(418,520,14,1,26,37,1006,NULL),
	(419,521,14,1,26,37,1006,NULL),
	(420,522,14,1,26,37,1006,NULL),
	(421,523,14,1,26,37,1006,NULL),
	(422,524,14,1,26,37,1006,NULL),
	(423,525,14,1,26,37,1006,NULL),
	(424,526,14,1,26,37,1006,NULL),
	(425,527,14,1,26,37,1006,NULL),
	(426,528,14,1,26,37,1006,NULL),
	(427,529,14,1,26,37,1006,NULL),
	(428,530,14,1,26,37,1006,NULL),
	(429,531,14,1,26,37,1006,NULL),
	(430,532,14,1,26,37,1006,NULL),
	(431,533,14,1,26,37,1006,NULL),
	(432,534,14,1,26,37,1006,NULL),
	(433,535,14,1,26,37,1006,NULL),
	(434,536,14,1,26,37,1006,NULL),
	(435,537,14,1,26,37,1006,NULL),
	(436,538,14,1,26,37,1006,NULL),
	(437,539,14,1,26,37,1006,NULL),
	(438,540,14,1,26,37,1006,NULL),
	(439,541,14,1,26,37,1006,NULL),
	(440,542,14,1,26,37,1006,NULL),
	(441,543,14,1,26,37,1006,NULL),
	(442,544,14,1,26,37,1006,NULL),
	(443,545,14,1,26,37,1006,NULL),
	(444,546,14,1,26,37,1006,NULL),
	(445,547,14,1,26,37,1006,NULL),
	(446,548,14,1,26,37,1006,NULL),
	(447,549,14,1,26,37,1006,NULL),
	(448,550,14,1,26,37,1006,NULL),
	(449,551,14,1,26,37,1006,NULL),
	(450,552,14,1,26,37,1006,NULL),
	(451,553,14,1,26,37,1006,NULL),
	(452,554,14,1,26,37,1006,NULL),
	(453,555,14,1,26,37,1006,NULL),
	(454,556,14,1,26,37,1006,NULL),
	(455,557,14,1,26,37,1006,NULL),
	(456,558,14,1,26,37,1006,NULL),
	(457,559,14,1,26,37,1006,NULL),
	(458,560,14,1,26,37,1006,NULL),
	(459,561,14,1,26,37,1006,NULL),
	(460,562,14,1,26,37,1006,NULL),
	(461,563,14,1,26,37,1006,NULL),
	(462,564,14,1,26,37,1006,NULL),
	(463,565,14,1,26,37,1006,NULL),
	(464,566,14,1,26,37,1006,NULL),
	(465,567,14,1,26,37,1006,NULL),
	(466,568,14,1,26,37,1006,NULL),
	(467,569,14,1,26,37,1006,NULL),
	(468,570,14,1,26,37,1006,NULL),
	(469,571,14,1,26,37,1006,NULL),
	(470,572,14,1,26,38,1006,NULL),
	(471,573,14,1,26,38,1006,NULL),
	(472,574,14,1,26,37,1006,NULL),
	(473,575,14,1,26,37,1006,NULL),
	(474,576,14,1,26,38,1006,NULL),
	(475,577,14,1,26,37,1006,NULL),
	(476,578,14,1,26,37,1006,NULL),
	(477,579,14,1,26,37,1006,NULL),
	(478,580,14,1,26,37,1006,NULL),
	(479,581,14,1,26,37,1006,NULL),
	(480,582,14,1,26,37,1006,NULL),
	(481,583,14,1,26,37,1006,NULL),
	(482,584,14,1,26,37,1006,NULL),
	(483,585,14,1,26,37,1006,NULL),
	(484,586,14,1,26,37,1006,NULL),
	(485,587,14,1,26,37,1006,NULL),
	(486,588,14,1,26,37,1006,NULL),
	(487,589,14,1,26,37,1006,NULL),
	(488,590,14,1,26,37,1006,NULL),
	(489,591,14,1,26,37,1006,NULL),
	(490,592,14,1,26,37,1006,NULL),
	(491,593,14,1,26,37,1006,NULL),
	(492,594,14,1,26,37,1006,NULL),
	(493,595,14,1,26,37,1006,NULL),
	(494,596,14,1,26,37,1006,NULL),
	(495,597,14,1,26,37,1006,NULL),
	(496,598,14,1,26,37,1006,NULL),
	(497,599,14,1,26,37,1006,NULL),
	(498,600,14,1,26,37,1006,NULL),
	(499,601,14,1,26,37,1006,NULL),
	(500,602,14,1,26,37,1006,NULL),
	(501,603,14,1,26,37,1006,NULL),
	(502,604,14,1,26,37,1006,NULL),
	(503,605,14,1,26,37,1006,NULL),
	(504,606,14,1,26,37,1006,NULL),
	(505,607,14,1,26,37,1006,NULL),
	(506,608,14,1,26,37,1006,NULL),
	(507,609,14,1,26,37,1006,NULL),
	(508,610,14,1,26,37,1006,NULL),
	(509,611,14,1,26,37,1006,NULL),
	(510,612,14,1,26,37,1006,NULL),
	(511,613,14,1,26,37,1006,NULL),
	(512,614,14,1,26,37,1006,NULL),
	(513,615,14,1,26,37,1006,NULL),
	(514,616,14,1,27,44,1001,NULL),
	(515,617,14,1,27,44,1001,NULL),
	(516,618,14,1,27,44,1001,NULL),
	(517,619,14,1,27,44,1001,NULL),
	(518,620,14,1,27,44,1001,NULL),
	(519,621,14,1,27,44,1001,NULL),
	(520,622,14,1,27,44,1001,NULL),
	(521,623,14,1,26,44,1001,NULL),
	(522,624,14,1,26,44,1001,NULL),
	(523,625,14,1,27,44,1001,NULL),
	(524,626,14,1,27,44,1001,NULL),
	(525,627,14,1,27,44,1001,NULL),
	(526,628,14,1,27,44,1001,NULL),
	(527,629,14,1,27,44,1001,NULL),
	(528,630,14,1,27,44,1001,NULL),
	(529,631,14,1,27,44,1001,NULL),
	(530,632,14,1,27,44,1001,NULL),
	(531,633,14,1,27,44,1001,NULL),
	(532,634,14,1,27,44,1001,NULL),
	(533,635,14,1,27,44,1001,NULL),
	(534,636,14,1,27,44,1001,NULL),
	(535,637,14,1,27,44,1001,NULL),
	(536,638,14,1,27,44,1001,NULL),
	(537,639,14,1,26,48,1001,NULL),
	(538,640,14,1,29,52,1002,NULL),
	(539,641,14,1,30,55,1003,NULL),
	(540,642,14,1,31,59,1003,NULL),
	(541,643,14,1,32,60,1003,NULL),
	(542,644,14,1,32,61,1003,NULL),
	(543,645,14,1,32,62,1003,NULL),
	(544,646,14,1,32,63,1003,NULL),
	(545,647,14,1,32,54,1003,NULL),
	(546,648,14,1,32,45,1003,NULL),
	(547,649,14,1,29,1002,39,NULL),
	(548,650,14,1,29,1002,39,NULL),
	(549,651,14,1,29,1002,39,NULL),
	(550,652,14,1,29,1002,39,NULL),
	(551,653,14,1,28,1002,40,NULL),
	(552,654,14,1,28,1002,40,NULL),
	(553,655,14,1,28,1002,40,NULL),
	(554,656,14,1,28,1002,40,NULL),
	(555,657,14,1,28,1002,40,NULL),
	(556,658,14,1,28,1002,40,NULL),
	(557,659,14,1,28,1002,40,NULL),
	(558,660,14,1,28,1002,40,NULL),
	(559,661,14,1,28,1002,40,NULL),
	(560,662,14,1,27,1001,41,NULL),
	(561,663,14,1,27,1001,41,NULL),
	(562,664,14,1,27,1001,41,NULL),
	(563,665,14,1,27,1001,41,NULL),
	(564,666,14,1,27,1001,41,NULL),
	(565,667,14,1,27,1001,41,NULL),
	(566,668,14,1,27,1001,41,NULL),
	(567,669,14,1,27,1001,41,NULL),
	(568,670,14,1,27,1001,41,NULL),
	(569,671,14,1,27,1001,41,NULL),
	(570,672,14,1,27,1001,41,NULL),
	(571,673,14,1,27,1001,41,NULL),
	(572,674,14,1,27,1001,41,NULL),
	(573,675,14,1,27,1001,41,NULL),
	(574,676,14,1,27,1001,42,NULL),
	(575,677,14,1,27,1001,42,NULL),
	(576,678,14,1,27,1001,42,NULL),
	(577,679,14,1,27,1001,42,NULL),
	(578,680,14,1,27,1001,42,NULL),
	(579,681,14,1,27,1001,42,NULL),
	(580,682,14,1,27,1001,42,NULL),
	(581,683,14,1,27,1001,42,NULL),
	(582,684,14,1,27,1001,42,NULL),
	(583,685,14,1,27,1001,42,NULL),
	(584,686,14,1,27,1001,43,NULL),
	(585,687,14,1,27,1001,43,NULL),
	(586,688,14,1,27,1001,43,NULL),
	(587,689,14,1,26,1001,43,NULL),
	(588,690,14,1,26,1001,44,NULL),
	(589,691,14,1,26,1001,44,NULL),
	(590,692,14,1,26,1001,44,NULL),
	(591,693,14,1,26,1001,44,NULL),
	(592,694,14,1,26,1001,44,NULL),
	(593,695,14,1,26,1001,44,NULL),
	(594,696,14,1,26,1001,44,NULL),
	(595,697,14,1,26,1001,44,NULL),
	(596,698,14,1,26,1001,44,NULL),
	(597,699,14,1,26,1001,43,NULL),
	(598,700,14,1,26,1001,44,NULL),
	(599,701,14,1,26,1001,44,NULL),
	(600,702,14,1,26,1001,44,NULL),
	(601,703,14,1,26,1001,43,NULL),
	(602,704,14,1,26,1001,43,NULL),
	(603,705,14,1,26,1001,43,NULL),
	(604,706,14,1,26,1001,43,NULL),
	(605,707,14,1,26,1001,43,NULL),
	(606,708,14,1,26,1001,43,NULL),
	(607,709,14,1,26,1001,43,NULL),
	(608,710,14,1,26,1001,43,NULL),
	(609,711,14,1,26,1001,43,NULL),
	(610,712,14,1,26,1001,43,NULL),
	(611,713,14,1,26,1001,44,NULL),
	(612,714,14,1,26,1001,44,NULL),
	(613,715,14,1,26,1001,44,NULL),
	(614,716,14,1,26,1001,44,NULL),
	(615,717,14,1,26,1001,44,NULL),
	(616,718,14,1,26,1001,44,NULL),
	(617,719,14,1,26,1001,44,NULL),
	(618,720,14,1,26,1001,44,NULL),
	(619,721,14,1,26,1001,44,NULL),
	(620,722,14,1,26,1001,44,NULL),
	(621,723,14,1,26,1001,44,NULL),
	(622,724,14,1,26,1001,44,NULL),
	(623,725,14,1,26,1001,44,NULL),
	(624,726,14,1,26,1001,44,NULL),
	(625,727,14,1,26,1001,44,NULL),
	(626,728,14,1,26,1001,44,NULL),
	(627,729,14,1,26,1001,44,NULL),
	(628,730,14,1,26,1001,44,NULL),
	(629,731,14,1,26,1001,44,NULL),
	(630,732,14,1,26,1001,44,NULL),
	(631,733,14,1,26,1001,44,NULL),
	(632,734,14,1,26,1001,44,NULL),
	(633,735,14,1,26,1001,44,NULL),
	(634,736,14,1,26,1001,44,NULL),
	(635,737,14,1,26,1001,44,NULL),
	(636,738,14,1,26,1001,44,NULL),
	(637,739,14,1,26,1001,44,NULL),
	(638,740,14,1,26,1001,44,NULL),
	(639,741,14,1,26,1001,44,NULL),
	(640,742,14,1,26,1001,44,NULL),
	(641,743,14,1,26,1001,44,NULL),
	(642,744,14,1,26,1001,44,NULL),
	(643,745,14,1,26,1001,44,NULL),
	(644,746,14,1,26,1001,44,NULL),
	(645,747,14,1,26,1001,44,NULL),
	(646,748,14,1,25,1001,44,NULL),
	(647,749,14,1,25,1001,44,NULL),
	(648,750,14,1,25,1001,44,NULL),
	(649,751,14,1,25,1001,44,NULL),
	(650,752,14,1,25,1001,44,NULL),
	(651,753,14,1,25,1001,44,NULL),
	(652,754,14,1,25,1001,44,NULL),
	(653,755,14,1,25,1001,44,NULL),
	(654,756,14,1,25,1001,44,NULL),
	(655,757,14,1,25,1001,44,NULL),
	(656,758,14,1,25,1001,44,NULL),
	(657,759,14,1,25,1001,44,NULL),
	(658,760,14,1,25,1001,44,NULL),
	(659,761,14,1,25,1001,44,NULL),
	(660,762,14,1,25,1001,44,NULL),
	(661,763,14,1,25,1001,44,NULL),
	(662,764,14,1,25,1001,44,NULL),
	(663,765,14,1,25,1001,44,NULL),
	(664,766,14,1,25,1001,44,NULL),
	(665,767,14,1,25,1001,43,NULL),
	(666,768,14,1,25,1001,43,NULL),
	(667,769,14,1,25,1001,43,NULL),
	(668,770,14,1,25,1001,44,NULL),
	(669,771,14,1,25,1001,44,NULL),
	(670,772,14,1,25,1001,44,NULL),
	(671,773,14,1,25,1001,44,NULL),
	(672,774,14,1,26,1001,44,NULL),
	(673,775,14,1,26,1001,44,NULL),
	(674,776,14,1,26,1001,44,NULL),
	(675,777,14,1,26,1001,44,NULL),
	(676,778,14,1,26,1001,45,NULL),
	(677,779,14,1,26,1001,45,NULL),
	(678,780,14,1,26,1001,45,NULL),
	(679,781,14,1,26,1001,46,NULL),
	(680,782,14,1,26,1001,46,NULL),
	(681,783,14,1,26,1001,46,NULL),
	(682,784,14,1,26,1001,46,NULL),
	(683,785,14,1,26,1001,46,NULL),
	(684,786,14,1,26,1001,45,NULL),
	(685,787,14,1,26,1001,45,NULL),
	(686,788,14,1,26,1001,45,NULL),
	(687,788,14,1,26,1001,45,NULL),
	(688,789,14,1,26,1001,45,NULL),
	(689,790,14,1,26,1001,45,NULL),
	(690,791,14,1,26,1001,44,NULL),
	(691,791,14,1,26,1001,44,NULL),
	(692,792,14,1,26,1001,44,NULL),
	(693,793,14,1,26,1001,44,NULL),
	(694,794,14,1,26,1001,44,NULL),
	(695,795,14,1,26,1001,44,NULL),
	(696,795,14,1,26,1001,44,NULL),
	(697,796,14,1,26,1001,44,NULL),
	(698,797,14,1,26,1001,44,NULL),
	(699,798,14,1,26,1001,44,NULL),
	(700,798,14,1,26,1001,44,NULL),
	(701,799,14,1,26,1001,44,NULL),
	(702,800,14,1,26,1001,44,NULL),
	(703,800,14,1,26,1001,44,NULL),
	(704,801,14,1,26,1001,44,NULL),
	(705,802,14,1,26,1001,44,NULL),
	(706,802,14,1,26,1001,44,NULL),
	(707,803,14,1,26,1001,44,NULL),
	(708,804,14,1,26,1001,44,NULL),
	(709,805,14,1,26,1001,44,NULL),
	(710,805,14,1,26,1001,44,NULL),
	(711,806,14,1,26,1001,44,NULL),
	(712,807,14,1,26,1001,44,NULL),
	(713,808,14,1,26,1001,44,NULL),
	(714,808,14,1,26,1001,44,NULL),
	(715,809,14,1,26,1001,44,NULL),
	(716,810,14,1,26,1001,44,NULL),
	(717,810,14,1,26,1001,44,NULL),
	(718,811,14,1,26,1001,44,NULL),
	(719,812,14,1,26,1001,44,NULL),
	(720,813,14,1,26,1001,44,NULL),
	(721,813,14,1,26,1001,44,NULL),
	(722,814,14,1,26,1001,44,NULL),
	(723,815,14,1,26,1001,44,NULL),
	(724,815,14,1,26,1001,44,NULL),
	(725,816,14,1,26,1001,44,NULL),
	(726,817,14,1,26,1001,44,NULL),
	(727,818,14,1,26,1001,44,NULL),
	(728,818,14,1,26,1001,44,NULL),
	(729,819,14,1,26,1001,44,NULL),
	(730,820,14,1,26,1001,44,NULL),
	(731,820,14,1,26,1001,44,NULL),
	(732,821,14,1,26,1001,44,NULL),
	(733,822,14,1,26,1001,44,NULL),
	(734,823,14,1,26,1001,44,NULL),
	(735,823,14,1,26,1001,44,NULL),
	(736,824,14,1,26,1001,44,NULL),
	(737,825,14,1,26,1001,44,NULL),
	(738,826,14,1,26,1001,44,NULL),
	(739,827,14,1,26,1001,44,NULL),
	(740,828,14,1,26,1001,44,NULL),
	(741,829,14,1,26,1001,44,NULL),
	(742,830,14,1,26,1001,44,NULL),
	(743,831,14,1,26,1001,44,NULL),
	(744,832,14,1,26,1001,44,NULL),
	(745,833,14,1,26,1001,44,NULL),
	(746,834,14,1,26,1001,44,NULL),
	(747,835,14,1,26,1001,44,NULL),
	(748,836,14,1,26,1001,44,NULL),
	(749,837,14,1,26,1001,44,NULL),
	(750,838,14,1,26,1001,44,NULL),
	(751,839,14,1,26,1001,44,NULL),
	(752,840,14,1,26,1001,44,NULL),
	(753,841,14,1,26,1001,50,NULL),
	(754,842,14,1,29,1002,55,NULL),
	(755,843,14,1,31,1002,60,NULL),
	(756,844,14,1,31,1003,68,NULL),
	(757,845,14,1,28,1002,39,NULL),
	(758,846,14,1,28,1002,39,NULL),
	(759,846,14,1,28,1002,39,NULL),
	(760,847,14,1,28,1002,39,NULL),
	(761,848,14,1,28,1002,39,NULL),
	(762,848,14,1,28,1002,39,NULL),
	(763,849,14,1,28,1002,39,NULL),
	(764,850,14,1,28,1002,39,NULL),
	(765,851,14,1,28,1002,39,NULL),
	(766,851,14,1,28,1002,39,NULL),
	(767,852,14,1,28,1002,39,NULL),
	(768,853,14,1,28,1002,39,NULL),
	(769,853,14,1,28,1002,39,NULL),
	(770,854,14,1,28,1002,39,NULL),
	(771,855,14,1,28,1002,39,NULL),
	(772,856,14,1,28,1002,39,NULL),
	(773,856,14,1,28,1002,39,NULL),
	(774,857,14,1,28,1002,39,NULL),
	(775,858,14,1,28,1002,39,NULL),
	(776,859,14,1,28,1002,39,NULL),
	(777,859,14,1,28,1001,40,NULL),
	(778,860,14,1,28,1001,40,NULL),
	(779,861,14,1,28,1001,40,NULL),
	(780,862,14,1,28,1001,40,NULL),
	(781,862,14,1,28,1001,40,NULL),
	(782,863,14,1,28,1001,40,NULL),
	(783,864,14,1,28,1001,40,NULL),
	(784,864,14,1,28,1001,40,NULL),
	(785,865,14,1,28,1001,40,NULL),
	(786,866,14,1,28,1001,40,NULL),
	(787,867,14,1,28,1001,40,NULL),
	(788,867,14,1,28,1001,40,NULL),
	(789,868,14,1,28,1001,40,NULL),
	(790,869,14,1,28,1001,40,NULL),
	(791,870,14,1,28,1001,40,NULL),
	(792,870,14,1,28,1001,40,NULL),
	(793,871,14,1,28,1001,40,NULL),
	(794,872,14,1,28,1001,40,NULL),
	(795,872,14,1,28,1001,40,NULL),
	(796,873,14,1,28,1001,40,NULL),
	(797,874,14,1,28,1001,40,NULL),
	(798,875,14,1,28,1001,41,NULL),
	(799,875,14,1,28,1001,41,NULL),
	(800,876,14,1,28,1001,41,NULL),
	(801,877,14,1,28,1001,41,NULL),
	(802,877,14,1,28,1001,41,NULL),
	(803,878,14,1,28,1001,41,NULL),
	(804,879,14,1,28,1001,41,NULL),
	(805,880,14,1,28,1001,41,NULL),
	(806,880,14,1,28,1001,41,NULL),
	(807,881,14,1,28,1001,41,NULL),
	(808,882,14,1,28,1001,41,NULL),
	(809,883,14,1,28,1001,41,NULL),
	(810,883,14,1,28,1001,41,NULL),
	(811,884,14,1,28,1001,41,NULL),
	(812,885,14,1,28,1001,41,NULL),
	(813,885,14,1,28,1001,41,NULL),
	(814,886,14,1,28,1001,41,NULL),
	(815,887,14,1,28,1001,41,NULL),
	(816,888,14,1,28,1001,41,NULL),
	(817,888,14,1,28,1001,41,NULL),
	(818,889,14,1,28,1001,41,NULL),
	(819,890,14,1,27,1001,41,NULL),
	(820,890,14,1,27,1001,41,NULL),
	(821,891,14,1,27,1001,41,NULL),
	(822,892,14,1,27,1001,41,NULL),
	(823,892,14,1,27,1001,41,NULL),
	(824,893,14,1,27,1001,41,NULL),
	(825,894,14,1,27,1001,41,NULL),
	(826,894,14,1,27,1001,42,NULL),
	(827,895,14,1,27,1001,42,NULL),
	(828,896,14,1,27,1001,42,NULL),
	(829,897,14,1,27,1001,42,NULL),
	(830,897,14,1,27,1001,42,NULL),
	(831,898,14,1,27,1001,42,NULL),
	(832,899,14,1,27,1001,42,NULL),
	(833,900,14,1,27,1001,41,NULL),
	(834,900,14,1,27,1001,41,NULL),
	(835,901,14,1,27,1001,41,NULL),
	(836,902,14,1,27,1001,41,NULL),
	(837,903,14,1,27,1001,41,NULL),
	(838,903,14,1,27,1001,41,NULL),
	(839,904,14,1,27,1001,41,NULL),
	(840,905,14,1,27,1001,41,NULL),
	(841,905,14,1,27,1001,41,NULL),
	(842,906,14,1,27,1001,41,NULL),
	(843,907,14,1,27,1001,41,NULL),
	(844,908,14,1,27,1001,41,NULL),
	(845,908,14,1,27,1001,41,NULL),
	(846,909,14,1,27,1001,41,NULL),
	(847,910,14,1,27,1001,41,NULL),
	(848,910,14,1,27,1001,41,NULL),
	(849,911,14,1,27,1001,41,NULL),
	(850,912,14,1,27,1001,41,NULL),
	(851,913,14,1,27,1001,41,NULL),
	(852,913,14,1,27,1001,41,NULL),
	(853,914,14,1,27,1001,41,NULL),
	(854,915,14,1,27,1001,41,NULL),
	(855,915,14,1,27,1001,41,NULL),
	(856,916,14,1,27,1001,41,NULL),
	(857,917,14,1,27,1001,41,NULL),
	(858,918,14,1,27,1001,41,NULL),
	(859,918,14,1,27,1001,41,NULL),
	(860,919,14,1,27,1001,42,NULL),
	(861,920,14,1,27,1001,42,NULL),
	(862,920,14,1,27,1001,42,NULL),
	(863,921,14,1,27,1001,42,NULL),
	(864,922,14,1,27,1001,42,NULL),
	(865,923,14,1,27,1001,42,NULL),
	(866,923,14,1,27,1001,42,NULL),
	(867,924,14,1,27,1001,42,NULL),
	(868,925,14,1,27,1001,42,NULL),
	(869,926,14,1,27,1001,42,NULL),
	(870,926,14,1,27,1001,42,NULL),
	(871,927,14,1,27,1001,42,NULL),
	(872,928,14,1,27,1001,42,NULL),
	(873,928,14,1,27,1001,42,NULL),
	(874,929,14,1,27,1001,42,NULL),
	(875,930,14,1,27,1001,42,NULL),
	(876,930,14,1,27,1001,42,NULL),
	(877,931,14,1,27,1001,42,NULL),
	(878,932,14,1,27,1001,42,NULL),
	(879,933,14,1,27,1001,42,NULL),
	(880,933,14,1,27,1001,42,NULL),
	(881,934,14,1,27,1001,42,NULL),
	(882,935,14,1,27,1001,42,NULL),
	(883,935,14,1,27,1001,42,NULL),
	(884,936,14,1,27,1001,42,NULL),
	(885,937,14,1,27,1001,42,NULL),
	(886,938,14,1,27,1001,42,NULL),
	(887,938,14,1,27,1001,42,NULL),
	(888,939,14,1,27,1001,42,NULL),
	(889,940,14,1,27,1001,42,NULL),
	(890,940,14,1,27,1001,42,NULL),
	(891,941,14,1,27,1001,42,NULL),
	(892,942,14,1,27,1001,42,NULL),
	(893,943,14,1,27,1001,42,NULL),
	(894,943,14,1,27,1001,42,NULL),
	(895,944,14,1,27,1001,43,NULL),
	(896,945,14,1,27,1001,43,NULL),
	(897,946,14,1,27,1001,43,NULL),
	(898,946,14,1,27,1001,43,NULL),
	(899,947,14,1,27,1001,43,NULL),
	(900,948,14,1,27,1001,43,NULL),
	(901,948,14,1,27,1001,43,NULL),
	(902,949,14,1,27,1001,43,NULL),
	(903,950,14,1,27,1001,43,NULL),
	(904,951,14,1,27,1001,43,NULL),
	(905,951,14,1,27,1001,43,NULL),
	(906,952,14,1,27,1001,43,NULL),
	(907,953,14,1,27,1001,43,NULL),
	(908,953,14,1,27,1001,43,NULL),
	(909,954,14,1,27,1001,43,NULL),
	(910,955,14,1,27,1001,43,NULL),
	(911,955,14,1,27,1001,43,NULL),
	(912,956,14,1,27,1001,43,NULL),
	(913,957,14,1,27,1001,43,NULL),
	(914,958,14,1,27,1001,43,NULL),
	(915,958,14,1,27,1001,43,NULL),
	(916,959,14,1,27,1001,43,NULL),
	(917,960,14,1,27,1001,43,NULL),
	(918,961,14,1,27,1001,43,NULL),
	(919,961,14,1,27,1001,43,NULL),
	(920,962,14,1,27,1001,43,NULL),
	(921,963,14,1,27,1001,43,NULL),
	(922,963,14,1,27,1001,43,NULL),
	(923,964,14,1,26,1001,43,NULL),
	(924,965,14,1,26,1001,43,NULL),
	(925,965,14,1,26,1001,43,NULL),
	(926,966,14,1,26,1001,43,NULL),
	(927,967,14,1,26,1001,43,NULL),
	(928,968,14,1,26,1001,43,NULL),
	(929,968,14,1,26,1001,43,NULL),
	(930,969,14,1,26,1001,43,NULL),
	(931,970,14,1,26,1001,43,NULL),
	(932,971,14,1,26,1001,43,NULL),
	(933,971,14,1,26,1001,43,NULL),
	(934,972,14,1,26,1001,43,NULL),
	(935,973,14,1,26,1001,43,NULL),
	(936,973,14,1,26,1001,43,NULL),
	(937,974,14,1,26,1001,43,NULL),
	(938,975,14,1,26,1001,43,NULL),
	(939,976,14,1,26,1001,43,NULL),
	(940,976,14,1,26,1001,43,NULL),
	(941,977,14,1,26,1001,43,NULL),
	(942,978,14,1,26,1001,43,NULL),
	(943,978,14,1,26,1001,43,NULL),
	(944,979,14,1,26,1001,43,NULL),
	(945,980,14,1,26,1001,43,NULL),
	(946,981,14,1,26,1001,43,NULL),
	(947,981,14,1,26,1001,43,NULL),
	(948,982,14,1,26,1001,43,NULL),
	(949,983,14,1,26,1001,43,NULL),
	(950,983,14,1,26,1001,43,NULL),
	(951,984,14,1,26,1001,43,NULL),
	(952,985,14,1,26,1001,43,NULL),
	(953,986,14,1,26,1001,43,NULL),
	(954,986,14,1,26,1001,43,NULL),
	(955,987,14,1,26,1001,43,NULL),
	(956,988,14,1,26,1001,43,NULL),
	(957,988,14,1,26,1001,43,NULL),
	(958,989,14,1,26,1001,43,NULL),
	(959,990,14,1,26,1001,43,NULL),
	(960,991,14,1,26,1001,43,NULL),
	(961,991,14,1,26,1001,43,NULL),
	(962,992,14,1,26,1001,43,NULL),
	(963,993,14,1,26,1001,43,NULL),
	(964,993,14,1,26,1001,43,NULL),
	(965,994,14,1,26,1001,43,NULL),
	(966,995,14,1,26,1001,43,NULL),
	(967,996,14,1,26,1001,43,NULL),
	(968,996,14,1,26,1001,43,NULL),
	(969,997,14,1,26,1001,43,NULL),
	(970,998,14,1,26,1001,43,NULL),
	(971,998,14,1,26,1001,43,NULL),
	(972,999,14,1,26,1001,43,NULL),
	(973,1000,14,1,26,1001,43,NULL),
	(974,1001,14,1,26,1001,43,NULL),
	(975,1001,14,1,26,1001,43,NULL),
	(976,1002,14,1,26,1001,43,NULL),
	(977,1003,14,1,26,1001,43,NULL),
	(978,1003,14,1,26,1001,43,NULL),
	(979,1004,14,1,26,1001,43,NULL),
	(980,1005,14,1,26,1001,43,NULL),
	(981,1005,14,1,26,1001,43,NULL),
	(982,1006,14,1,26,1001,43,NULL),
	(983,1007,14,1,26,1001,43,NULL),
	(984,1008,14,1,26,1001,43,NULL),
	(985,1008,14,1,26,1001,43,NULL),
	(986,1009,14,1,26,1001,44,NULL),
	(987,1010,14,1,26,1001,44,NULL),
	(988,1011,14,1,26,1001,44,NULL),
	(989,1011,14,1,26,1001,44,NULL),
	(990,1012,14,1,26,1001,44,NULL),
	(991,1013,14,1,26,1001,44,NULL),
	(992,1014,14,1,26,1001,44,NULL),
	(993,1014,14,1,26,1001,44,NULL),
	(994,1015,14,1,26,1001,44,NULL),
	(995,1016,14,1,26,1001,44,NULL),
	(996,1016,14,1,26,1001,44,NULL),
	(997,1017,14,1,26,1001,44,NULL),
	(998,1018,14,1,26,1001,44,NULL),
	(999,1019,14,1,26,1001,44,NULL),
	(1000,1019,14,1,26,1001,44,NULL),
	(1001,1020,14,1,26,1001,44,NULL),
	(1002,1021,14,1,26,1001,44,NULL),
	(1003,1021,14,1,26,1001,44,NULL),
	(1004,1022,14,1,26,1001,44,NULL),
	(1005,1023,14,1,26,1001,44,NULL),
	(1006,1024,14,1,26,1001,44,NULL),
	(1007,1024,14,1,26,1001,44,NULL),
	(1008,1025,14,1,26,1001,44,NULL),
	(1009,1026,14,1,26,1001,44,NULL),
	(1010,1026,14,1,26,1001,44,NULL),
	(1011,1027,14,1,26,1001,44,NULL),
	(1012,1028,14,1,26,1001,44,NULL),
	(1013,1029,14,1,26,1001,44,NULL),
	(1014,1029,14,1,26,1001,44,NULL),
	(1015,1030,14,1,26,1001,44,NULL),
	(1016,1031,14,1,26,1001,44,NULL),
	(1017,1031,14,1,26,1001,44,NULL),
	(1018,1032,14,1,26,1001,44,NULL),
	(1019,1033,14,1,26,1001,44,NULL),
	(1020,1034,14,1,26,1001,44,NULL),
	(1021,1034,14,1,26,1001,43,NULL),
	(1022,1035,14,1,26,1001,43,NULL),
	(1023,1036,14,1,26,1001,43,NULL),
	(1024,1036,14,1,26,1001,43,NULL),
	(1025,1037,14,1,26,1001,43,NULL),
	(1026,1038,14,1,26,1001,43,NULL),
	(1027,1039,14,1,26,1001,43,NULL),
	(1028,1039,14,1,26,1001,44,NULL),
	(1029,1040,14,1,26,1001,44,NULL),
	(1030,1041,14,1,26,1001,44,NULL),
	(1031,1042,14,1,26,1001,44,NULL),
	(1032,1042,14,1,26,1001,44,NULL),
	(1033,1043,14,1,26,1001,44,NULL),
	(1034,1044,14,1,26,1001,44,NULL),
	(1035,1044,14,1,26,1001,44,NULL),
	(1036,1045,14,1,26,1001,44,NULL),
	(1037,1046,14,1,26,1001,44,NULL),
	(1038,1047,14,1,26,1001,44,NULL),
	(1039,1047,14,1,26,1001,44,NULL),
	(1040,1048,14,1,26,1001,44,NULL),
	(1041,1049,14,1,26,1001,44,NULL),
	(1042,1049,14,1,26,1001,44,NULL),
	(1043,1050,14,1,26,1001,44,NULL),
	(1044,1051,14,1,26,1001,44,NULL),
	(1045,1052,14,1,26,1001,44,NULL),
	(1046,1052,14,1,26,1001,44,NULL),
	(1047,1053,14,1,26,1001,44,NULL),
	(1048,1054,14,1,26,1001,44,NULL),
	(1049,1054,14,1,26,1001,44,NULL),
	(1050,1055,14,1,26,1001,44,NULL),
	(1051,1056,14,1,26,1001,44,NULL),
	(1052,1057,14,1,26,1001,44,NULL),
	(1053,1057,14,1,26,1001,44,NULL),
	(1054,1058,14,1,26,1001,44,NULL),
	(1055,1059,14,1,26,1001,44,NULL),
	(1056,1059,14,1,26,1001,44,NULL),
	(1057,1060,14,1,26,1001,44,NULL),
	(1058,1061,14,1,26,1001,44,NULL),
	(1059,1062,14,1,26,1001,44,NULL),
	(1060,1062,14,1,26,1001,44,NULL),
	(1061,1063,14,1,26,1001,44,NULL),
	(1062,1064,14,1,26,1001,44,NULL),
	(1063,1064,14,1,26,1001,44,NULL),
	(1064,1065,14,1,26,1001,44,NULL),
	(1065,1066,14,1,26,1001,44,NULL),
	(1066,1066,14,1,26,1001,44,NULL),
	(1067,1067,14,1,26,1001,44,NULL),
	(1068,1068,14,1,26,1001,44,NULL),
	(1069,1069,14,1,26,1001,44,NULL),
	(1070,1069,14,1,26,1001,44,NULL),
	(1071,1070,14,1,26,1001,44,NULL),
	(1072,1071,14,1,26,1001,44,NULL),
	(1073,1072,14,1,26,1001,44,NULL),
	(1074,1072,14,1,26,1001,44,NULL),
	(1075,1073,14,1,26,1001,44,NULL),
	(1076,1074,14,1,26,1001,44,NULL),
	(1077,1074,14,1,26,1001,44,NULL),
	(1078,1075,14,1,26,1001,44,NULL),
	(1079,1076,14,1,26,1001,44,NULL),
	(1080,1077,14,1,26,1001,44,NULL),
	(1081,1077,14,1,26,1001,44,NULL),
	(1082,1078,14,1,26,1001,44,NULL),
	(1083,1079,14,1,26,1001,44,NULL),
	(1084,1079,14,1,26,1001,45,NULL),
	(1085,1080,14,1,26,1001,45,NULL),
	(1086,1081,14,1,26,1001,45,NULL),
	(1087,1082,14,1,26,1001,45,NULL),
	(1088,1082,14,1,26,1001,45,NULL),
	(1089,1083,14,1,26,1001,45,NULL),
	(1090,1084,14,1,26,1001,45,NULL),
	(1091,1084,14,1,26,1001,44,NULL),
	(1092,1085,14,1,26,1001,44,NULL),
	(1093,1086,14,1,26,1001,44,NULL),
	(1094,1087,14,1,26,1001,44,NULL),
	(1095,1087,14,1,26,1001,44,NULL),
	(1096,1088,14,1,26,1001,44,NULL),
	(1097,1089,14,1,26,1001,44,NULL),
	(1098,1089,14,1,26,1001,44,NULL),
	(1099,1090,14,1,26,1001,44,NULL),
	(1100,1091,14,1,26,1001,44,NULL),
	(1101,1092,14,1,26,1001,44,NULL),
	(1102,1092,14,1,26,1001,44,NULL),
	(1103,1093,14,1,26,1001,44,NULL),
	(1104,1094,14,1,26,1001,44,NULL),
	(1105,1095,14,1,26,1001,44,NULL),
	(1106,1095,14,1,26,1001,44,NULL),
	(1107,1096,14,1,26,1001,44,NULL),
	(1108,1097,14,1,26,1001,44,NULL),
	(1109,1097,14,1,26,1001,44,NULL),
	(1110,1098,14,1,26,1001,44,NULL),
	(1111,1099,14,1,26,1001,44,NULL),
	(1112,1100,14,1,26,1001,44,NULL),
	(1113,1100,14,1,26,1001,44,NULL),
	(1114,1101,14,1,26,1001,44,NULL),
	(1115,1102,14,1,26,1001,44,NULL),
	(1116,1103,14,1,26,1001,44,NULL),
	(1117,1103,14,1,26,1001,44,NULL),
	(1118,1104,14,1,26,1001,44,NULL),
	(1119,1105,14,1,26,1001,44,NULL),
	(1120,1105,14,1,26,1001,44,NULL),
	(1121,1106,14,1,26,1001,44,NULL),
	(1122,1107,14,1,26,1001,44,NULL),
	(1123,1107,14,1,26,1001,44,NULL),
	(1124,1108,14,1,26,1001,44,NULL),
	(1125,1109,14,1,26,1001,44,NULL),
	(1126,1110,14,1,26,1001,45,NULL),
	(1127,1110,14,1,26,1001,45,NULL),
	(1128,1111,14,1,26,1001,45,NULL),
	(1129,1112,14,1,26,1001,45,NULL),
	(1130,1113,14,1,26,1001,45,NULL),
	(1131,1113,14,1,26,1001,45,NULL),
	(1132,1114,14,1,26,1001,45,NULL),
	(1133,1115,14,1,26,1001,45,NULL),
	(1134,1116,14,1,26,1001,45,NULL),
	(1135,1116,14,1,26,1001,45,NULL),
	(1136,1117,14,1,26,1001,45,NULL),
	(1137,1118,14,1,26,1001,45,NULL),
	(1138,1118,14,1,26,1001,45,NULL),
	(1139,1119,14,1,26,1001,45,NULL),
	(1140,1120,14,1,26,1001,45,NULL),
	(1141,1121,14,1,26,1001,45,NULL),
	(1142,1121,14,1,26,1001,45,NULL),
	(1143,1122,14,1,26,1001,45,NULL),
	(1144,1123,14,1,26,1001,45,NULL),
	(1145,1123,14,1,26,1001,45,NULL),
	(1146,1124,14,1,26,1001,45,NULL),
	(1147,1125,14,1,26,1001,45,NULL),
	(1148,1125,14,1,26,1001,45,NULL),
	(1149,1126,14,1,26,1001,45,NULL),
	(1150,1127,14,1,26,1001,45,NULL),
	(1151,1128,14,1,26,1001,45,NULL),
	(1152,1128,14,1,26,1001,45,NULL),
	(1153,1129,14,1,26,1001,45,NULL),
	(1154,1130,14,1,26,1001,45,NULL),
	(1155,1131,14,1,26,1001,45,NULL),
	(1156,1131,14,1,26,1001,45,NULL),
	(1157,1132,14,1,26,1001,45,NULL),
	(1158,1133,14,1,26,1001,45,NULL),
	(1159,1134,14,1,26,1001,45,NULL),
	(1160,1134,14,1,26,1001,45,NULL),
	(1161,1135,14,1,26,1001,45,NULL),
	(1162,1136,14,1,26,1001,45,NULL),
	(1163,1136,14,1,26,1001,45,NULL),
	(1164,1137,14,1,26,1001,45,NULL),
	(1165,1138,14,1,26,1001,45,NULL),
	(1166,1138,14,1,26,1001,45,NULL),
	(1167,1139,14,1,26,1001,45,NULL),
	(1168,1140,14,1,26,1001,45,NULL),
	(1169,1141,14,1,26,1001,45,NULL),
	(1170,1141,14,1,26,1001,45,NULL),
	(1171,1142,14,1,26,1001,45,NULL),
	(1172,1143,14,1,26,1001,45,NULL),
	(1173,1143,14,1,26,1001,45,NULL),
	(1174,1144,14,1,26,1001,45,NULL),
	(1175,1145,14,1,26,1001,45,NULL),
	(1176,1146,14,1,26,1001,45,NULL),
	(1177,1146,14,1,26,1001,45,NULL),
	(1178,1147,14,1,26,1001,45,NULL),
	(1179,1148,14,1,26,1001,45,NULL),
	(1180,1149,14,1,26,1001,45,NULL),
	(1181,1149,14,1,26,1001,45,NULL),
	(1182,1150,14,1,26,1001,45,NULL),
	(1183,1151,14,1,26,1001,45,NULL),
	(1184,1151,14,1,26,1001,45,NULL),
	(1185,1152,14,1,26,1001,45,NULL),
	(1186,1153,14,1,26,1001,45,NULL),
	(1187,1154,14,1,26,1001,45,NULL),
	(1188,1154,14,1,26,1001,45,NULL),
	(1189,1155,14,1,26,1001,45,NULL),
	(1190,1156,14,1,26,1001,45,NULL),
	(1191,1156,14,1,26,1001,45,NULL),
	(1192,1157,14,1,26,1001,45,NULL),
	(1193,1158,14,1,26,1001,45,NULL),
	(1194,1159,14,1,26,1001,45,NULL),
	(1195,1159,14,1,26,1001,45,NULL),
	(1196,1160,14,1,26,1001,45,NULL),
	(1197,1161,14,1,26,1001,45,NULL),
	(1198,1162,14,1,26,1001,45,NULL),
	(1199,1162,14,1,26,1001,45,NULL),
	(1200,1163,14,1,26,1001,45,NULL),
	(1201,1164,14,1,26,1001,45,NULL),
	(1202,1164,14,1,26,1001,44,NULL),
	(1203,1165,14,1,26,1001,44,NULL),
	(1204,1166,14,1,26,1001,44,NULL),
	(1205,1167,14,1,26,1001,44,NULL),
	(1206,1167,14,1,26,1001,44,NULL),
	(1207,1168,14,1,26,1001,44,NULL),
	(1208,1169,14,1,26,1001,44,NULL),
	(1209,1170,14,1,26,1001,44,NULL),
	(1210,1170,14,1,26,1001,44,NULL),
	(1211,1171,14,1,26,1001,44,NULL),
	(1212,1172,14,1,26,1001,44,NULL),
	(1213,1172,14,1,26,1001,44,NULL),
	(1214,1173,14,1,26,1001,44,NULL),
	(1215,1174,14,1,26,1001,44,NULL),
	(1216,1175,14,1,26,1001,44,NULL),
	(1217,1175,14,1,26,1001,44,NULL),
	(1218,1176,14,1,26,1001,45,NULL),
	(1219,1177,14,1,26,1001,45,NULL),
	(1220,1178,14,1,26,1001,45,NULL),
	(1221,1179,14,1,25,1001,45,NULL),
	(1222,1180,14,1,25,1001,45,NULL),
	(1223,1181,14,1,25,1001,45,NULL),
	(1224,1182,14,1,25,1001,45,NULL),
	(1225,1183,14,1,25,1001,45,NULL),
	(1226,1184,14,1,25,1001,45,NULL),
	(1227,1185,14,1,25,1001,45,NULL),
	(1228,1186,14,1,25,1001,45,NULL),
	(1229,1187,14,1,25,1001,45,NULL),
	(1230,1188,14,1,25,1001,45,NULL),
	(1231,1189,14,1,25,1001,44,NULL),
	(1232,1190,14,1,25,1001,44,NULL),
	(1233,1191,14,1,25,1001,44,NULL),
	(1234,1192,14,1,25,1001,44,NULL),
	(1235,1193,14,1,25,1001,44,NULL),
	(1236,1194,14,1,25,1001,44,NULL),
	(1237,1195,14,1,25,1001,44,NULL),
	(1238,1196,14,1,25,1001,45,NULL),
	(1239,1197,14,1,25,1001,45,NULL),
	(1240,1198,14,1,25,1001,45,NULL),
	(1241,1199,14,1,25,1001,45,NULL),
	(1242,1200,14,1,25,1001,45,NULL),
	(1243,1201,14,1,25,1001,45,NULL),
	(1244,1202,14,1,25,1001,45,NULL),
	(1245,1203,14,1,25,1001,45,NULL),
	(1246,1204,14,1,25,1001,45,NULL),
	(1247,1205,14,1,25,1001,45,NULL),
	(1248,1206,14,1,25,1001,45,NULL),
	(1249,1207,14,1,25,1001,45,NULL),
	(1250,1208,14,1,25,1001,45,NULL),
	(1251,1209,14,1,25,1001,45,NULL),
	(1252,1210,14,1,25,1001,46,NULL),
	(1253,1211,14,1,25,1001,46,NULL),
	(1254,1212,14,1,25,1001,46,NULL),
	(1255,1213,14,1,25,1001,46,NULL),
	(1256,1214,14,1,25,1001,46,NULL),
	(1257,1215,14,1,25,1001,46,NULL),
	(1258,1216,14,1,25,1001,46,NULL),
	(1259,1217,14,1,25,1001,46,NULL),
	(1260,1218,14,1,25,1001,46,NULL),
	(1261,1219,14,1,25,1001,46,NULL),
	(1262,1220,14,1,25,1001,46,NULL),
	(1263,1221,14,1,25,1001,46,NULL),
	(1264,1222,14,1,25,1001,46,NULL),
	(1265,1223,14,1,25,1001,46,NULL),
	(1266,1224,14,1,25,1001,45,NULL),
	(1267,1225,14,1,25,1001,45,NULL),
	(1268,1226,14,1,25,1001,45,NULL),
	(1269,1227,14,1,25,1001,45,NULL),
	(1270,1228,14,1,25,1001,45,NULL),
	(1271,1229,14,1,25,1001,45,NULL),
	(1272,1230,14,1,25,1001,45,NULL),
	(1273,1231,14,1,25,1001,45,NULL),
	(1274,1232,14,1,25,1001,45,NULL),
	(1275,1233,14,1,25,1001,45,NULL),
	(1276,1234,14,1,25,1001,45,NULL),
	(1277,1235,14,1,25,1001,45,NULL),
	(1278,1236,14,1,25,1001,45,NULL),
	(1279,1237,14,1,25,1001,45,NULL),
	(1280,1238,14,1,25,1001,45,NULL),
	(1281,1239,14,1,25,1001,45,NULL),
	(1282,1240,14,1,25,1001,44,NULL),
	(1283,1241,14,1,25,1001,44,NULL),
	(1284,1242,14,1,25,1001,44,NULL),
	(1285,1243,14,1,25,1001,44,NULL),
	(1286,1244,14,1,25,1001,45,NULL),
	(1287,1245,14,1,25,1001,45,NULL),
	(1288,1246,14,1,25,1001,45,NULL),
	(1289,1247,14,1,25,1001,45,NULL),
	(1290,1248,14,1,25,1001,45,NULL),
	(1291,1249,14,1,25,1001,45,NULL),
	(1292,1250,14,1,25,1001,45,NULL),
	(1293,1251,14,1,25,1001,45,NULL),
	(1294,1252,14,1,25,1000,45,NULL),
	(1295,1253,14,1,25,1001,45,NULL),
	(1296,1254,14,1,25,1001,45,NULL),
	(1297,1255,14,1,25,1001,45,NULL),
	(1298,1256,14,1,25,1000,45,NULL),
	(1299,1257,14,1,25,1000,45,NULL),
	(1300,1258,14,1,25,1001,45,NULL),
	(1301,1259,14,1,25,1001,45,NULL),
	(1302,1260,14,1,25,1000,45,NULL),
	(1303,1261,14,1,25,1001,44,NULL),
	(1304,1262,14,1,25,1001,44,NULL),
	(1305,1263,14,1,25,1001,44,NULL),
	(1306,1264,14,1,25,1001,45,NULL),
	(1307,1265,14,1,25,1001,45,NULL),
	(1308,1266,14,1,25,1000,45,NULL),
	(1309,1267,14,1,25,1000,45,NULL),
	(1310,1268,14,1,25,1000,45,NULL),
	(1311,1269,14,1,25,1001,45,NULL),
	(1312,1270,14,1,25,1000,45,NULL),
	(1313,1271,14,1,25,1001,44,NULL),
	(1314,1272,14,1,25,1001,44,NULL),
	(1315,1273,14,1,25,1000,44,NULL),
	(1316,1274,14,1,25,1000,44,NULL),
	(1317,1275,14,1,25,1000,44,NULL),
	(1318,1276,14,1,25,1000,44,NULL),
	(1319,1277,14,1,25,1000,44,NULL),
	(1320,1278,14,1,25,1000,44,NULL),
	(1321,1279,14,1,25,1000,44,NULL),
	(1322,1280,14,1,25,1000,44,NULL),
	(1323,1281,14,1,25,1000,44,NULL),
	(1324,1282,14,1,25,1000,44,NULL),
	(1325,1283,14,1,25,1000,44,NULL),
	(1326,1284,14,1,25,1000,45,NULL),
	(1327,1285,14,1,25,1000,45,NULL),
	(1328,1286,14,1,25,1000,45,NULL),
	(1329,1287,14,1,25,1000,45,NULL),
	(1330,1288,14,1,25,1000,45,NULL),
	(1331,1289,14,1,25,1000,45,NULL),
	(1332,1290,14,1,25,1000,45,NULL),
	(1333,1291,14,1,25,1000,45,NULL),
	(1334,1292,14,1,25,1000,45,NULL),
	(1335,1293,14,1,25,1000,45,NULL),
	(1336,1294,14,1,25,1000,45,NULL),
	(1337,1295,14,1,25,1000,45,NULL),
	(1338,1296,14,1,25,1000,44,NULL),
	(1339,1297,14,1,25,1000,44,NULL),
	(1340,1298,14,1,25,1000,44,NULL),
	(1341,1299,14,1,25,1000,44,NULL),
	(1342,1300,14,1,25,1000,44,NULL),
	(1343,1301,14,1,25,1000,44,NULL),
	(1344,1302,14,1,25,1000,44,NULL),
	(1345,1303,14,1,25,1000,44,NULL),
	(1346,1304,14,1,25,1000,44,NULL),
	(1347,1305,14,1,25,1000,44,NULL),
	(1348,1306,14,1,25,1000,44,NULL),
	(1349,1307,14,1,25,1000,44,NULL),
	(1350,1308,14,1,25,1000,44,NULL),
	(1351,1309,14,1,25,1000,44,NULL),
	(1352,1310,14,1,25,1000,44,NULL),
	(1353,1311,14,1,25,1000,44,NULL),
	(1354,1312,14,1,25,1000,44,NULL),
	(1355,1313,14,1,25,1000,44,NULL),
	(1356,1314,14,1,25,1000,44,NULL),
	(1357,1315,14,1,25,1000,44,NULL),
	(1358,1316,14,1,25,1000,44,NULL),
	(1359,1317,14,1,25,1000,44,NULL),
	(1360,1318,14,1,25,1000,44,NULL),
	(1361,1319,14,1,25,1000,44,NULL),
	(1362,1320,14,1,25,1000,45,NULL),
	(1363,1321,14,1,25,1000,45,NULL),
	(1364,1322,14,1,25,1000,45,NULL),
	(1365,1323,14,1,25,1000,44,NULL),
	(1366,1324,14,1,25,1000,44,NULL),
	(1367,1325,14,1,25,1000,44,NULL),
	(1368,1326,14,1,25,1000,44,NULL),
	(1369,1327,14,1,25,1000,44,NULL),
	(1370,1328,14,1,25,1000,44,NULL),
	(1371,1329,14,1,25,1000,44,NULL),
	(1372,1330,14,1,25,1000,44,NULL),
	(1373,1331,14,1,25,1000,44,NULL),
	(1374,1332,14,1,25,1000,44,NULL),
	(1375,1333,14,1,25,1000,44,NULL),
	(1376,1334,14,1,25,1000,44,NULL),
	(1377,1335,14,1,25,1000,44,NULL),
	(1378,1336,14,1,25,1000,44,NULL),
	(1379,1337,14,1,25,1000,44,NULL),
	(1380,1338,14,1,25,1000,44,NULL),
	(1381,1339,14,1,25,1000,44,NULL),
	(1382,1340,14,1,25,1000,44,NULL),
	(1383,1341,14,1,25,1000,44,NULL),
	(1384,1342,14,1,25,1000,44,NULL),
	(1385,1343,14,1,25,1000,44,NULL),
	(1386,1344,14,1,25,1000,44,NULL),
	(1387,1345,14,1,25,1000,44,NULL),
	(1388,1346,14,1,25,1000,44,NULL),
	(1389,1347,14,1,25,1000,44,NULL),
	(1390,1348,14,1,25,1000,44,NULL),
	(1391,1349,14,1,25,1000,44,NULL),
	(1392,1350,14,1,25,1000,44,NULL),
	(1393,1351,14,1,25,1000,44,NULL),
	(1394,1352,14,1,25,1000,44,NULL),
	(1395,1353,14,1,25,1000,44,NULL),
	(1396,1354,14,1,25,1000,44,NULL),
	(1397,1355,14,1,25,1000,44,NULL),
	(1398,1356,14,1,25,1000,44,NULL),
	(1399,1357,14,1,25,1000,44,NULL),
	(1400,1358,14,1,25,1000,44,NULL),
	(1401,1359,14,1,25,1000,44,NULL),
	(1402,1360,14,1,25,1000,44,NULL),
	(1403,1361,14,1,25,1000,44,NULL),
	(1404,1362,14,1,25,1000,45,NULL),
	(1405,1363,14,1,25,1000,45,NULL),
	(1406,1364,14,1,25,1000,45,NULL),
	(1407,1365,14,1,25,1000,45,NULL),
	(1408,1366,14,1,25,1000,45,NULL),
	(1409,1367,14,1,25,1000,45,NULL),
	(1410,1368,14,1,25,1000,45,NULL),
	(1411,1369,14,1,25,1000,45,NULL),
	(1412,1370,14,1,25,1000,45,NULL),
	(1413,1371,14,1,25,1000,45,NULL),
	(1414,1372,14,1,25,1000,45,NULL),
	(1415,1373,14,1,25,1000,45,NULL),
	(1416,1374,14,1,25,1000,45,NULL),
	(1417,1375,14,1,25,1000,45,NULL),
	(1418,1376,14,1,25,1000,46,NULL),
	(1419,1377,14,1,25,1000,45,NULL),
	(1420,1378,14,1,25,1000,45,NULL),
	(1421,1379,14,1,25,1000,45,NULL),
	(1422,1380,14,1,25,1000,45,NULL),
	(1423,1381,14,1,25,1000,45,NULL),
	(1424,1382,14,1,25,1000,45,NULL),
	(1425,1383,14,1,25,1000,45,NULL),
	(1426,1384,14,1,25,1000,45,NULL),
	(1427,1385,14,1,25,1000,46,NULL),
	(1428,1386,14,1,25,1000,45,NULL),
	(1429,1387,14,1,25,1000,45,NULL),
	(1430,1388,14,1,25,1000,45,NULL),
	(1431,1389,14,1,25,1000,45,NULL),
	(1432,1390,14,1,25,1000,45,NULL),
	(1433,1391,14,1,25,1000,45,NULL),
	(1434,1392,14,1,25,1000,45,NULL),
	(1435,1393,14,1,25,1000,45,NULL),
	(1436,1394,14,1,25,1000,45,NULL),
	(1437,1395,14,1,25,1000,45,NULL),
	(1438,1396,14,1,25,1000,45,NULL),
	(1439,1397,14,1,25,1000,45,NULL),
	(1440,1398,14,1,25,1000,45,NULL),
	(1441,1399,14,1,25,1000,45,NULL),
	(1442,1400,14,1,25,1000,45,NULL),
	(1443,1401,14,1,25,1000,45,NULL),
	(1444,1402,14,1,25,1000,45,NULL),
	(1445,1403,14,1,25,1000,45,NULL),
	(1446,1404,14,1,25,1000,45,NULL),
	(1447,1405,14,1,25,1000,45,NULL),
	(1448,1406,14,1,25,1000,45,NULL),
	(1449,1407,14,1,25,1000,45,NULL),
	(1450,1408,14,1,25,1000,53,NULL),
	(1451,1409,14,1,26,1000,45,NULL),
	(1452,1410,14,1,26,1000,44,NULL),
	(1453,1411,14,1,26,1000,43,NULL),
	(1454,1412,14,1,26,1000,43,NULL),
	(1455,1413,14,1,26,1000,43,NULL),
	(1456,1414,14,1,26,1000,43,NULL),
	(1457,1415,14,1,26,1000,43,NULL),
	(1458,1416,14,1,26,1001,45,NULL),
	(1459,1417,14,1,26,1001,44,NULL),
	(1460,1418,14,1,26,1001,44,NULL),
	(1461,1419,14,1,26,1001,43,NULL),
	(1462,1420,14,1,26,1001,43,NULL),
	(1463,1421,14,1,26,1001,43,NULL),
	(1464,1422,14,1,26,1001,43,NULL),
	(1465,1423,14,1,26,1001,43,NULL),
	(1466,1424,14,1,26,1001,43,NULL),
	(1467,1425,14,1,26,1001,43,NULL),
	(1468,1426,14,1,26,1001,43,NULL),
	(1469,1427,14,1,26,1001,43,NULL),
	(1470,1428,14,1,26,1001,43,NULL),
	(1471,1429,14,1,26,1001,43,NULL),
	(1472,1430,14,1,26,1001,43,NULL),
	(1473,1431,14,1,26,1000,43,NULL),
	(1474,1432,14,1,26,1001,43,NULL),
	(1475,1433,14,1,26,1001,43,NULL),
	(1476,1434,14,1,26,1000,44,NULL),
	(1477,1435,14,1,26,1000,44,NULL),
	(1478,1436,14,1,26,1000,44,NULL),
	(1479,1437,14,1,26,1000,44,NULL),
	(1480,1438,14,1,26,1000,44,NULL),
	(1481,1439,14,1,26,1000,45,NULL),
	(1482,1440,14,1,26,1000,44,NULL),
	(1483,1441,14,1,26,1000,44,NULL),
	(1484,1442,14,1,26,1000,43,NULL),
	(1485,1443,14,1,26,1000,44,NULL),
	(1486,1444,14,1,26,1000,44,NULL),
	(1487,1445,14,1,26,1000,43,NULL),
	(1488,1446,14,1,26,1000,43,NULL),
	(1489,1447,14,1,26,1000,43,NULL),
	(1490,1448,14,1,26,1000,43,NULL),
	(1491,1449,14,1,26,1000,43,NULL),
	(1492,1450,14,1,26,1000,43,NULL),
	(1493,1451,14,1,26,1000,43,NULL),
	(1494,1452,14,1,26,1000,43,NULL),
	(1495,1453,14,1,26,1000,43,NULL),
	(1496,1454,14,1,26,1000,44,NULL),
	(1497,1455,14,1,26,1000,44,NULL),
	(1498,1456,14,1,26,1000,44,NULL),
	(1499,1457,14,1,26,1000,44,NULL),
	(1500,1458,14,1,26,1000,44,NULL),
	(1501,1459,14,1,26,1000,43,NULL),
	(1502,1460,14,1,26,1000,43,NULL),
	(1503,1461,14,1,26,1000,43,NULL),
	(1504,1462,14,1,26,1000,43,NULL),
	(1505,1463,14,1,26,1000,43,NULL),
	(1506,1464,14,1,26,1000,43,NULL),
	(1507,1465,14,1,26,1000,43,NULL),
	(1508,1466,14,1,26,1000,43,NULL),
	(1509,1467,14,1,26,1000,43,NULL),
	(1510,1468,14,1,26,1000,43,NULL),
	(1511,1469,14,1,26,1000,43,NULL),
	(1512,1470,14,1,26,1000,43,NULL),
	(1513,1471,14,1,26,1000,43,NULL),
	(1514,1472,14,1,26,1000,43,NULL),
	(1515,1473,14,1,26,1000,44,NULL),
	(1516,1474,14,1,26,1000,44,NULL),
	(1517,1475,14,1,26,1000,44,NULL),
	(1518,1476,14,1,26,1000,44,NULL),
	(1519,1477,14,1,26,1000,44,NULL),
	(1520,1478,14,1,26,1000,44,NULL),
	(1521,1479,14,1,26,1000,44,NULL),
	(1522,1480,14,1,26,1000,44,NULL),
	(1523,1481,14,1,26,1000,44,NULL),
	(1524,1482,14,1,26,1000,43,NULL),
	(1525,1483,14,1,26,1000,43,NULL),
	(1526,1484,14,1,26,1000,43,NULL),
	(1527,1485,14,1,26,1000,44,NULL),
	(1528,1486,14,1,26,1000,44,NULL),
	(1529,1487,14,1,26,1000,44,NULL),
	(1530,1488,14,1,26,1000,44,NULL),
	(1531,1489,14,1,26,1000,43,NULL),
	(1532,1490,14,1,26,1000,43,NULL),
	(1533,1491,14,1,26,1000,43,NULL),
	(1534,1492,14,1,26,1000,43,NULL),
	(1535,1493,14,1,26,1000,44,NULL),
	(1536,1494,14,1,26,1000,44,NULL),
	(1537,1495,14,1,26,1000,44,NULL),
	(1538,1496,14,1,26,1000,43,NULL),
	(1539,1497,14,1,26,1000,43,NULL),
	(1540,1498,14,1,26,1000,43,NULL),
	(1541,1499,14,1,26,1000,43,NULL),
	(1542,1500,14,1,26,1000,43,NULL),
	(1543,1501,14,1,26,1000,43,NULL),
	(1544,1502,14,1,26,1000,43,NULL),
	(1545,1503,14,1,26,1000,44,NULL),
	(1546,1504,14,1,26,1000,44,NULL),
	(1547,1505,14,1,26,1000,44,NULL),
	(1548,1506,14,1,26,1000,45,NULL),
	(1549,1507,14,1,26,1000,45,NULL),
	(1550,1508,14,1,26,1000,45,NULL),
	(1551,1509,14,1,26,1000,45,NULL),
	(1552,1510,14,1,26,1000,44,NULL),
	(1553,1511,14,1,26,1000,44,NULL),
	(1554,1512,14,1,26,1000,44,NULL),
	(1555,1513,14,1,26,1000,44,NULL),
	(1556,1514,14,1,26,1000,44,NULL),
	(1557,1515,14,1,26,1000,44,NULL),
	(1558,1516,14,1,26,1000,44,NULL),
	(1559,1517,14,1,26,1000,44,NULL),
	(1560,1518,14,1,26,1000,44,NULL),
	(1561,1519,14,1,26,1000,44,NULL),
	(1562,1520,14,1,26,1000,44,NULL),
	(1563,1521,14,1,26,1000,44,NULL),
	(1564,1522,14,1,26,1000,44,NULL),
	(1565,1523,14,1,26,1000,44,NULL),
	(1566,1524,14,1,26,1000,44,NULL),
	(1567,1525,14,1,26,1000,44,NULL),
	(1568,1526,14,1,26,1000,44,NULL),
	(1569,1527,14,1,26,1000,44,NULL),
	(1570,1528,14,1,26,1000,44,NULL),
	(1571,1529,14,1,26,1000,44,NULL),
	(1572,1530,14,1,26,1000,44,NULL),
	(1573,1531,14,1,26,1000,44,NULL),
	(1574,1532,14,1,26,1000,44,NULL),
	(1575,1533,14,1,26,1000,45,NULL),
	(1576,1534,14,1,26,1000,45,NULL),
	(1577,1535,14,1,26,1000,44,NULL),
	(1578,1536,14,1,26,1000,44,NULL),
	(1579,1537,14,1,26,1000,44,NULL),
	(1580,1538,14,1,26,1000,45,NULL),
	(1581,1539,14,1,26,1000,45,NULL),
	(1582,1540,14,1,26,1000,44,NULL),
	(1583,1541,14,1,26,1000,44,NULL),
	(1584,1542,14,1,26,1000,45,NULL),
	(1585,1543,14,1,26,1000,45,NULL),
	(1586,1544,14,1,26,1000,45,NULL),
	(1587,1545,14,1,26,1000,44,NULL),
	(1588,1546,14,1,26,1000,44,NULL),
	(1589,1547,14,1,26,1000,45,NULL),
	(1590,1548,14,1,26,1000,45,NULL),
	(1591,1549,14,1,26,1000,45,NULL),
	(1592,1550,14,1,26,1000,45,NULL),
	(1593,1551,14,1,26,1000,45,NULL),
	(1594,1552,14,1,26,1000,44,NULL),
	(1595,1553,14,1,26,1000,44,NULL),
	(1596,1554,14,1,26,1000,44,NULL),
	(1597,1555,14,1,26,1000,44,NULL),
	(1598,1556,14,1,26,1000,44,NULL),
	(1599,1557,14,1,26,1000,44,NULL),
	(1600,1558,14,1,26,1000,44,NULL),
	(1601,1559,14,1,26,1000,44,NULL),
	(1602,1560,14,1,26,1000,44,NULL),
	(1603,1561,14,1,26,1000,44,NULL),
	(1604,1562,14,1,26,1000,44,NULL),
	(1605,1563,14,1,26,1000,44,NULL),
	(1606,1564,14,1,26,1000,44,NULL),
	(1607,1565,14,1,26,1000,44,NULL),
	(1608,1566,14,1,26,1000,44,NULL),
	(1609,1567,14,1,26,1000,44,NULL),
	(1610,1568,14,1,26,1000,43,NULL),
	(1611,1569,14,1,26,1000,43,NULL),
	(1612,1570,14,1,26,1000,43,NULL),
	(1613,1571,14,1,26,1000,43,NULL),
	(1614,1572,14,1,26,1000,43,NULL),
	(1615,1573,14,1,26,1000,43,NULL),
	(1616,1574,14,1,26,1000,43,NULL),
	(1617,1575,14,1,26,1000,43,NULL),
	(1618,1576,14,1,26,1000,43,NULL),
	(1619,1577,14,1,26,1000,43,NULL),
	(1620,1578,14,1,26,1000,43,NULL),
	(1621,1579,14,1,26,1000,43,NULL),
	(1622,1580,14,1,26,1000,43,NULL),
	(1623,1581,14,1,26,1000,43,NULL),
	(1624,1582,14,1,26,1000,43,NULL),
	(1625,1583,14,1,26,1000,43,NULL),
	(1626,1584,14,1,26,1000,43,NULL),
	(1627,1585,14,1,26,1000,43,NULL),
	(1628,1586,14,1,26,1000,43,NULL),
	(1629,1587,14,1,26,1000,43,NULL),
	(1630,1588,14,1,26,1000,43,NULL),
	(1631,1589,14,1,26,1000,43,NULL),
	(1632,1590,14,1,26,1000,43,NULL),
	(1633,1591,14,1,26,1000,43,NULL),
	(1634,1592,14,1,26,1000,43,NULL),
	(1635,1593,14,1,26,1000,43,NULL),
	(1636,1594,14,1,26,1000,43,NULL),
	(1637,1595,14,1,26,1000,43,NULL),
	(1638,1596,14,1,26,1000,43,NULL),
	(1639,1597,14,1,26,1000,43,NULL),
	(1640,1598,14,1,26,1000,43,NULL),
	(1641,1599,14,1,26,1000,43,NULL),
	(1642,1600,14,1,26,1000,43,NULL),
	(1643,1601,14,1,26,1000,43,NULL),
	(1644,1602,14,1,26,1000,43,NULL),
	(1645,1603,14,1,26,1000,43,NULL),
	(1646,1604,14,1,26,1000,43,NULL),
	(1647,1605,14,1,26,1000,43,NULL),
	(1648,1606,14,1,26,1000,43,NULL),
	(1649,1607,14,1,26,1000,43,NULL),
	(1650,1608,14,1,26,1000,43,NULL),
	(1651,1609,14,1,26,1000,43,NULL),
	(1652,1610,14,1,26,1000,43,NULL),
	(1653,1611,14,1,26,1000,43,NULL),
	(1654,1612,14,1,26,1000,43,NULL),
	(1655,1613,14,1,26,1000,43,NULL),
	(1656,1614,14,1,26,1000,43,NULL),
	(1657,1615,14,1,26,1000,43,NULL),
	(1658,1616,14,1,26,1000,43,NULL),
	(1659,1617,14,1,26,1000,43,NULL),
	(1660,1618,14,1,26,1000,43,NULL),
	(1661,1619,14,1,26,1000,43,NULL),
	(1662,1620,14,1,26,1000,43,NULL),
	(1663,1621,14,1,26,1000,43,NULL),
	(1664,1622,14,1,26,1000,43,NULL),
	(1665,1623,14,1,26,1000,43,NULL),
	(1666,1624,14,1,26,1000,43,NULL),
	(1667,1625,14,1,26,1000,43,NULL),
	(1668,1626,14,1,26,1000,43,NULL),
	(1669,1627,14,1,26,1000,43,NULL),
	(1670,1628,14,1,26,1000,43,NULL),
	(1671,1629,14,1,26,1000,43,NULL),
	(1672,1630,14,1,26,1000,43,NULL),
	(1673,1631,14,1,26,1000,43,NULL),
	(1674,1632,14,1,26,1000,43,NULL),
	(1675,1633,14,1,26,1000,43,NULL),
	(1676,1634,14,1,26,1000,43,NULL),
	(1677,1635,14,1,26,1000,43,NULL),
	(1678,1636,14,1,26,1000,43,NULL),
	(1679,1637,14,1,26,1000,43,NULL),
	(1680,1638,14,1,26,1000,43,NULL),
	(1681,1639,14,1,26,1000,43,NULL),
	(1682,1640,14,1,26,1000,43,NULL),
	(1683,1641,14,1,26,1000,43,NULL),
	(1684,1642,14,1,26,1000,43,NULL),
	(1685,1643,14,1,26,1000,43,NULL),
	(1686,1644,14,1,26,1000,43,NULL),
	(1687,1645,14,1,26,1000,43,NULL),
	(1688,1646,14,1,26,1000,43,NULL),
	(1689,1647,14,1,26,1000,43,NULL),
	(1690,1648,14,1,26,1000,43,NULL),
	(1691,1649,14,1,26,1000,43,NULL),
	(1692,1650,14,1,26,1000,43,NULL),
	(1693,1651,14,1,26,1000,43,NULL),
	(1694,1652,14,1,26,1000,43,NULL),
	(1695,1653,14,1,26,1000,43,NULL),
	(1696,1654,14,1,26,1000,43,NULL),
	(1697,1655,14,1,26,1000,43,NULL),
	(1698,1656,14,1,26,1000,43,NULL),
	(1699,1657,14,1,26,1000,43,NULL),
	(1700,1658,14,1,26,1000,43,NULL),
	(1701,1659,14,1,26,1000,43,NULL),
	(1702,1660,14,1,26,1000,43,NULL),
	(1703,1661,14,1,26,1000,43,NULL),
	(1704,1662,14,1,26,1000,43,NULL),
	(1705,1663,14,1,26,1000,43,NULL),
	(1706,1664,14,1,26,1000,43,NULL),
	(1707,1665,14,1,26,1000,43,NULL),
	(1708,1666,14,1,26,1000,43,NULL),
	(1709,1667,14,1,26,1000,43,NULL),
	(1710,1668,14,1,26,1000,43,NULL),
	(1711,1669,14,1,26,1000,43,NULL),
	(1712,1670,14,1,26,1000,43,NULL),
	(1713,1671,14,1,26,1000,43,NULL),
	(1714,1672,14,1,26,1000,43,NULL),
	(1715,1673,14,1,26,1000,42,NULL),
	(1716,1674,14,1,26,1000,43,NULL),
	(1717,1675,14,1,26,1000,43,NULL),
	(1718,1676,14,1,26,1000,43,NULL),
	(1719,1677,14,1,26,1000,43,NULL),
	(1720,1678,14,1,26,1000,43,NULL),
	(1721,1679,14,1,26,1000,43,NULL),
	(1722,1680,14,1,26,1000,43,NULL),
	(1723,1681,14,1,26,1000,43,NULL),
	(1724,1682,14,1,26,1000,43,NULL),
	(1725,1683,14,1,26,1000,43,NULL),
	(1726,1684,14,1,26,1000,43,NULL),
	(1727,1685,14,1,26,1000,42,NULL),
	(1728,1686,14,1,26,1000,42,NULL),
	(1729,1687,14,1,26,1000,43,NULL),
	(1730,1688,14,1,26,1000,43,NULL),
	(1731,1689,14,1,26,1000,42,NULL),
	(1732,1690,14,1,26,1000,42,NULL),
	(1733,1691,14,1,26,1000,42,NULL),
	(1734,1692,14,1,26,1000,42,NULL),
	(1735,1693,14,1,26,1000,43,NULL),
	(1736,1694,14,1,26,1000,43,NULL),
	(1737,1695,14,1,26,1000,43,NULL),
	(1738,1696,14,1,26,1000,43,NULL),
	(1739,1697,14,1,26,1000,43,NULL),
	(1740,1698,14,1,26,1000,43,NULL),
	(1741,1699,14,1,26,1000,42,NULL),
	(1742,1700,14,1,26,1000,42,NULL),
	(1743,1701,14,1,26,1000,42,NULL),
	(1744,1702,14,1,26,1000,42,NULL),
	(1745,1703,14,1,26,1000,42,NULL),
	(1746,1704,14,1,26,1000,42,NULL),
	(1747,1705,14,1,26,1000,42,NULL),
	(1748,1706,14,1,26,1000,42,NULL),
	(1749,1707,14,1,26,1000,42,NULL),
	(1750,1708,14,1,26,1000,42,NULL),
	(1751,1709,14,1,26,1000,42,NULL),
	(1752,1710,14,1,26,1000,42,NULL),
	(1753,1711,14,1,26,1000,42,NULL),
	(1754,1712,14,1,26,1000,42,NULL),
	(1755,1713,14,1,26,1000,42,NULL),
	(1756,1714,14,1,26,1000,42,NULL),
	(1757,1715,14,1,26,1000,42,NULL),
	(1758,1716,14,1,26,1000,42,NULL),
	(1759,1717,14,1,26,1000,42,NULL),
	(1760,1718,14,1,26,1000,43,NULL),
	(1761,1719,14,1,26,1000,43,NULL),
	(1762,1720,14,1,26,1000,43,NULL),
	(1763,1721,14,1,26,1000,43,NULL),
	(1764,1722,14,1,26,1000,43,NULL),
	(1765,1723,14,1,26,1000,43,NULL),
	(1766,1724,14,1,26,1000,43,NULL),
	(1767,1725,14,1,26,1000,43,NULL),
	(1768,1726,14,1,26,1000,43,NULL),
	(1769,1727,14,1,26,1000,43,NULL),
	(1770,1728,14,1,26,1000,43,NULL),
	(1771,1729,14,1,26,1000,43,NULL),
	(1772,1730,14,1,26,1000,43,NULL),
	(1773,1731,14,1,26,1000,43,NULL),
	(1774,1732,14,1,26,1000,43,NULL),
	(1775,1733,14,1,26,1000,43,NULL),
	(1776,1734,14,1,26,1000,43,NULL),
	(1777,1735,14,1,26,1000,43,NULL),
	(1778,1736,14,1,26,1000,43,NULL),
	(1779,1737,14,1,26,1000,43,NULL),
	(1780,1738,14,1,26,1000,43,NULL),
	(1781,1739,14,1,26,1000,43,NULL),
	(1782,1740,14,1,26,1000,43,NULL),
	(1783,1741,14,1,26,1000,43,NULL),
	(1784,1742,14,1,25,1000,43,NULL),
	(1785,1743,14,1,25,1000,43,NULL),
	(1786,1744,14,1,25,1000,43,NULL),
	(1787,1745,14,1,25,1000,43,NULL),
	(1788,1746,14,1,25,1000,43,NULL),
	(1789,1747,14,1,25,1000,43,NULL),
	(1790,1748,14,1,25,1000,43,NULL),
	(1791,1749,14,1,25,1000,43,NULL),
	(1792,1750,14,1,25,1000,43,NULL),
	(1793,1751,14,1,25,1000,43,NULL),
	(1794,1752,14,1,25,1000,43,NULL),
	(1795,1753,14,1,25,1000,43,NULL),
	(1796,1754,14,1,25,1000,43,NULL),
	(1797,1755,14,1,25,1000,43,NULL),
	(1798,1756,14,1,25,1000,43,NULL),
	(1799,1757,14,1,25,1000,43,NULL),
	(1800,1758,14,1,25,1000,43,NULL),
	(1801,1759,14,1,25,1000,43,NULL),
	(1802,1760,14,1,25,1000,43,NULL),
	(1803,1761,14,1,25,1000,43,NULL),
	(1804,1762,14,1,25,1000,43,NULL),
	(1805,1763,14,1,25,1000,43,NULL),
	(1806,1764,14,1,25,1000,43,NULL),
	(1807,1765,14,1,25,1000,42,NULL),
	(1808,1766,14,1,25,1000,42,NULL),
	(1809,1767,14,1,25,1000,43,NULL),
	(1810,1768,14,1,25,1000,43,NULL),
	(1811,1769,14,1,25,1000,43,NULL),
	(1812,1770,14,1,25,1000,43,NULL),
	(1813,1771,14,1,25,1000,43,NULL),
	(1814,1772,14,1,25,1000,43,NULL),
	(1815,1773,14,1,25,1000,43,NULL),
	(1816,1774,14,1,25,1000,43,NULL),
	(1817,1775,14,1,25,1000,43,NULL),
	(1818,1776,14,1,25,1000,43,NULL),
	(1819,1777,14,1,25,1000,43,NULL),
	(1820,1778,14,1,25,1000,43,NULL),
	(1821,1779,14,1,25,1000,43,NULL),
	(1822,1780,14,1,26,1000,43,NULL),
	(1823,1781,14,1,26,1000,43,NULL),
	(1824,1782,14,1,26,1000,43,NULL),
	(1825,1783,14,1,25,1000,43,NULL),
	(1826,1784,14,1,25,1000,43,NULL),
	(1827,1785,14,1,25,1000,43,NULL),
	(1828,1786,14,1,25,1000,43,NULL),
	(1829,1787,14,1,25,1000,43,NULL),
	(1830,1788,14,1,25,1000,43,NULL),
	(1831,1789,14,1,25,1000,43,NULL),
	(1832,1790,14,1,25,1000,43,NULL),
	(1833,1791,14,1,25,1000,43,NULL),
	(1834,1792,14,1,25,1000,43,NULL),
	(1835,1793,14,1,25,1000,43,NULL),
	(1836,1794,14,1,26,1000,43,NULL),
	(1837,1795,14,1,26,1000,43,NULL),
	(1838,1796,14,1,26,1000,43,NULL),
	(1839,1797,14,1,26,1000,43,NULL),
	(1840,1798,14,1,26,1000,43,NULL),
	(1841,1799,14,1,26,1000,43,NULL),
	(1842,1800,14,1,26,1000,43,NULL),
	(1843,1801,14,1,26,1000,43,NULL),
	(1844,1802,14,1,26,1000,43,NULL),
	(1845,1803,14,1,26,1000,43,NULL),
	(1846,1804,14,1,26,1000,43,NULL),
	(1847,1805,14,1,26,1000,43,NULL),
	(1848,1806,14,1,26,1000,43,NULL),
	(1849,1807,14,1,26,1000,43,NULL),
	(1850,1808,14,1,26,1000,43,NULL),
	(1851,1809,14,1,26,1000,43,NULL),
	(1852,1810,14,1,26,1000,43,NULL),
	(1853,1811,14,1,26,1000,43,NULL),
	(1854,1812,14,1,26,1000,43,NULL),
	(1855,1813,14,1,26,1000,43,NULL),
	(1856,1814,14,1,26,1000,43,NULL),
	(1857,1815,14,1,26,1000,43,NULL),
	(1858,1816,14,1,26,1000,43,NULL),
	(1859,1817,14,1,26,1000,43,NULL),
	(1860,1818,14,1,26,1000,43,NULL),
	(1861,1819,14,1,26,1000,43,NULL),
	(1862,1820,14,1,26,1000,43,NULL),
	(1863,1821,14,1,26,1000,43,NULL),
	(1864,1822,14,1,26,1000,43,NULL),
	(1865,1823,14,1,26,1000,43,NULL),
	(1866,1824,14,1,26,1000,43,NULL),
	(1867,1825,14,1,26,1000,43,NULL),
	(1868,1826,14,1,26,1000,43,NULL),
	(1869,1827,14,1,26,1000,43,NULL),
	(1870,1828,14,1,26,1000,43,NULL),
	(1871,1829,14,1,26,1000,43,NULL),
	(1872,1830,14,1,26,1000,43,NULL),
	(1873,1831,14,1,26,1000,43,NULL),
	(1874,1832,14,1,26,1000,43,NULL),
	(1875,1833,14,1,26,1000,43,NULL),
	(1876,1834,14,1,26,1000,43,NULL),
	(1877,1835,14,1,26,1000,43,NULL),
	(1878,1836,14,1,26,1000,43,NULL),
	(1879,1837,14,1,26,1000,43,NULL),
	(1880,1838,14,1,26,1000,43,NULL),
	(1881,1839,14,1,26,1000,43,NULL),
	(1882,1840,14,1,26,1000,43,NULL),
	(1883,1841,14,1,26,1000,43,NULL),
	(1884,1842,14,1,26,1000,43,NULL),
	(1885,1843,14,1,26,1000,43,NULL),
	(1886,1844,14,1,26,1000,43,NULL),
	(1887,1845,14,1,26,1000,43,NULL),
	(1888,1846,14,1,26,1000,43,NULL),
	(1889,1847,14,1,26,1000,43,NULL),
	(1890,1848,14,1,26,1000,43,NULL),
	(1891,1849,14,1,26,1000,43,NULL),
	(1892,1850,14,1,26,1000,43,NULL),
	(1893,1851,14,1,26,1000,43,NULL),
	(1894,1852,14,1,26,1000,43,NULL),
	(1895,1853,14,1,26,1000,43,NULL),
	(1896,1854,14,1,26,1000,43,NULL),
	(1897,1855,14,1,26,1000,43,NULL),
	(1898,1856,14,1,26,1000,43,NULL),
	(1899,1857,14,1,26,1000,43,NULL),
	(1900,1858,14,1,26,1000,43,NULL),
	(1901,1859,14,1,26,1000,43,NULL),
	(1902,1860,14,1,26,1000,43,NULL),
	(1903,1861,14,1,26,1000,43,NULL),
	(1904,1862,14,1,26,1000,43,NULL),
	(1905,1863,14,1,26,1000,43,NULL),
	(1906,1864,14,1,26,1000,43,NULL),
	(1907,1865,14,1,26,1000,43,NULL),
	(1908,1866,14,1,26,1000,42,NULL),
	(1909,1867,14,1,26,1000,42,NULL),
	(1910,1868,14,1,26,1000,43,NULL),
	(1911,1869,14,1,26,1000,42,NULL),
	(1912,1870,14,1,26,1000,42,NULL),
	(1913,1871,14,1,26,1000,42,NULL),
	(1914,1872,14,1,26,1000,42,NULL),
	(1915,1873,14,1,26,1000,42,NULL),
	(1916,1874,14,1,26,1000,42,NULL),
	(1917,1875,14,1,26,1000,42,NULL),
	(1918,1876,14,1,26,1000,42,NULL),
	(1919,1877,14,1,26,1000,42,NULL),
	(1920,1878,14,1,26,1000,42,NULL),
	(1921,1879,14,1,26,1000,42,NULL),
	(1922,1880,14,1,26,1000,42,NULL),
	(1923,1881,14,1,26,1000,42,NULL),
	(1924,1882,14,1,26,1000,42,NULL),
	(1925,1883,14,1,26,1000,42,NULL),
	(1926,1884,14,1,26,1000,42,NULL),
	(1927,1885,14,1,26,1000,42,NULL),
	(1928,1886,14,1,26,1000,42,NULL),
	(1929,1887,14,1,26,1000,42,NULL),
	(1930,1888,14,1,26,1000,42,NULL),
	(1931,1889,14,1,26,1000,42,NULL),
	(1932,1890,14,1,26,1000,42,NULL),
	(1933,1891,14,1,26,1000,42,NULL),
	(1934,1892,14,1,26,1000,43,NULL),
	(1935,1893,14,1,26,1000,43,NULL),
	(1936,1894,14,1,26,1000,43,NULL),
	(1937,1895,14,1,26,1000,42,NULL),
	(1938,1896,14,1,26,1000,42,NULL),
	(1939,1897,14,1,26,1000,42,NULL),
	(1940,1898,14,1,26,1000,43,NULL),
	(1941,1899,14,1,26,1000,43,NULL),
	(1942,1900,14,1,26,1000,43,NULL),
	(1943,1901,14,1,26,1000,43,NULL),
	(1944,1902,14,1,26,1000,42,NULL),
	(1945,1903,14,1,26,1000,42,NULL),
	(1946,1904,14,1,26,1000,42,NULL),
	(1947,1905,14,1,26,1000,42,NULL),
	(1948,1906,14,1,26,1000,42,NULL),
	(1949,1907,14,1,26,1000,42,NULL),
	(1950,1908,14,1,26,1000,42,NULL),
	(1951,1909,14,1,26,1000,42,NULL),
	(1952,1910,14,1,26,1000,42,NULL),
	(1953,1911,14,1,26,1000,42,NULL),
	(1954,1912,14,1,26,1000,43,NULL),
	(1955,1913,14,1,26,1000,43,NULL),
	(1956,1914,14,1,26,1000,43,NULL),
	(1957,1915,14,1,26,1000,43,NULL),
	(1958,1916,14,1,26,1000,43,NULL),
	(1959,1917,14,1,26,1000,42,NULL),
	(1960,1918,14,1,26,1000,42,NULL),
	(1961,1919,14,1,26,1000,42,NULL),
	(1962,1920,14,1,26,1000,42,NULL),
	(1963,1921,14,1,26,1000,42,NULL),
	(1964,1922,14,1,26,1000,42,NULL),
	(1965,1923,14,1,26,1000,42,NULL),
	(1966,1924,14,1,26,1000,42,NULL),
	(1967,1925,14,1,26,1000,42,NULL),
	(1968,1926,14,1,26,1000,43,NULL),
	(1969,1927,14,1,26,1000,43,NULL),
	(1970,1928,14,1,26,1000,43,NULL),
	(1971,1929,14,1,26,1000,43,NULL),
	(1972,1930,14,1,26,1000,43,NULL),
	(1973,1931,14,1,26,1000,43,NULL),
	(1974,1932,14,1,26,1000,43,NULL),
	(1975,1933,14,1,26,1000,43,NULL),
	(1976,1934,14,1,26,1000,42,NULL),
	(1977,1935,14,1,26,1000,42,NULL),
	(1978,1936,14,1,26,1000,43,NULL),
	(1979,1937,14,1,26,1000,43,NULL),
	(1980,1938,14,1,26,1000,43,NULL),
	(1981,1939,14,1,26,1000,42,NULL),
	(1982,1940,14,1,26,1000,42,NULL),
	(1983,1941,14,1,26,1000,42,NULL),
	(1984,1942,14,1,26,1000,42,NULL),
	(1985,1943,14,1,26,1000,42,NULL),
	(1986,1944,14,1,26,1000,42,NULL),
	(1987,1945,14,1,26,1000,42,NULL),
	(1988,1946,14,1,26,1000,42,NULL),
	(1989,1947,14,1,26,1000,42,NULL),
	(1990,1948,14,1,26,1000,42,NULL),
	(1991,1949,14,1,26,1000,42,NULL),
	(1992,1950,14,1,26,1000,42,NULL),
	(1993,1951,14,1,26,1000,42,NULL),
	(1994,1952,14,1,26,1000,42,NULL),
	(1995,1953,14,1,26,1000,42,NULL),
	(1996,1954,14,1,26,1000,42,NULL),
	(1997,1955,14,1,26,1000,42,NULL),
	(1998,1956,14,1,26,1000,42,NULL),
	(1999,1957,14,1,26,1000,42,NULL),
	(2000,1958,14,1,26,1000,42,NULL),
	(2001,1959,14,1,26,1000,42,NULL),
	(2002,1960,14,1,26,1000,43,NULL),
	(2003,1961,14,1,26,1000,43,NULL),
	(2004,1962,14,1,26,1000,43,NULL),
	(2005,1963,14,1,26,1000,42,NULL),
	(2006,1964,14,1,26,1000,42,NULL),
	(2007,1965,14,1,26,1000,42,NULL),
	(2008,1966,14,1,26,1000,42,NULL),
	(2009,1967,14,1,26,1000,42,NULL),
	(2010,1968,14,1,26,1000,42,NULL),
	(2011,1969,14,1,26,1000,42,NULL),
	(2012,1970,14,1,26,1000,42,NULL),
	(2013,1971,14,1,26,1000,42,NULL),
	(2014,1972,14,1,26,1000,42,NULL),
	(2015,1973,14,1,26,1000,42,NULL),
	(2016,1974,14,1,26,1000,42,NULL),
	(2017,1975,14,500,27,1000,42,NULL),
	(2018,1976,14,500,27,1000,43,NULL),
	(2019,1977,14,500,27,1000,42,NULL),
	(2020,1978,14,500,27,1000,42,NULL),
	(2021,1979,14,500,26,1000,42,NULL),
	(2022,1980,14,500,26,1000,43,NULL),
	(2023,1981,14,500,26,1000,43,NULL),
	(2024,1982,14,500,26,1000,43,NULL),
	(2025,1983,14,500,26,1000,43,NULL),
	(2026,1984,14,500,26,1000,42,NULL),
	(2027,1985,14,500,26,1000,42,NULL),
	(2028,1986,14,500,26,1000,42,NULL),
	(2029,1987,14,500,26,1000,42,NULL),
	(2030,1988,14,500,26,1000,42,NULL),
	(2031,1989,14,500,26,1000,42,NULL),
	(2032,1990,14,500,26,1000,42,NULL),
	(2033,1991,14,500,26,1000,42,NULL),
	(2034,1992,14,500,26,1000,42,NULL),
	(2035,1993,14,500,26,1000,42,NULL),
	(2036,1994,14,500,26,1000,42,NULL),
	(2037,1995,14,500,26,1000,42,NULL),
	(2038,1996,14,500,26,1000,42,NULL),
	(2039,1997,14,500,26,1000,43,NULL),
	(2040,1998,14,500,26,1000,43,NULL),
	(2041,1999,14,500,26,1000,42,NULL),
	(2042,2000,14,500,26,1000,42,NULL),
	(2043,2001,14,500,26,1000,42,NULL),
	(2044,2002,14,502,26,1000,42,NULL),
	(2045,2003,14,502,26,1000,42,NULL),
	(2046,2004,14,500,26,1000,42,NULL),
	(2047,2005,14,500,26,1000,42,NULL),
	(2048,2006,14,501,26,1000,42,NULL),
	(2049,2007,14,500,26,1000,42,NULL),
	(2050,2008,14,497,26,1000,42,NULL),
	(2051,2009,14,499,26,1000,42,NULL),
	(2052,2010,14,500,26,1000,42,NULL),
	(2053,2011,14,503,26,1000,42,NULL),
	(2054,2012,14,506,26,1000,42,NULL),
	(2055,2013,14,508,27,1000,42,NULL),
	(2056,2014,14,508,27,1000,42,NULL),
	(2057,2015,14,509,27,1000,42,NULL),
	(2058,2016,14,510,27,1000,42,NULL),
	(2059,2017,14,511,27,1000,42,NULL),
	(2060,2018,14,509,27,1000,42,NULL),
	(2061,2019,14,513,27,1000,42,NULL),
	(2062,2020,14,514,27,1000,43,NULL),
	(2063,2021,14,517,27,1000,43,NULL),
	(2064,2022,14,513,27,1000,43,NULL),
	(2065,2023,14,514,27,1000,43,NULL),
	(2066,2024,14,515,26,1000,43,NULL),
	(2067,2025,14,516,26,1000,43,NULL),
	(2068,2026,14,517,26,1000,43,NULL),
	(2069,2027,14,509,26,1000,43,NULL),
	(2070,2028,14,508,26,1000,43,NULL),
	(2071,2029,14,500,26,1000,43,NULL),
	(2072,2030,14,499,26,1000,43,NULL),
	(2073,2031,14,500,26,1000,43,NULL),
	(2074,2032,14,500,26,1000,43,NULL),
	(2075,2033,14,497,26,1000,43,NULL),
	(2076,2034,14,500,26,1000,43,NULL),
	(2077,2035,14,501,26,1000,43,NULL),
	(2078,2036,14,503,26,1000,43,NULL),
	(2079,2037,14,503,26,1000,43,NULL),
	(2080,2038,14,501,26,1000,43,NULL),
	(2081,2039,14,505,26,1000,42,NULL),
	(2082,2040,14,508,26,1000,42,NULL),
	(2083,2041,14,510,26,1000,42,NULL),
	(2084,2042,14,513,26,1000,42,NULL),
	(2085,2043,14,515,26,1000,42,NULL),
	(2086,2044,14,523,26,1000,42,NULL),
	(2087,2045,14,531,26,1000,43,NULL),
	(2088,2046,14,535,26,1000,43,NULL),
	(2089,2047,14,527,26,1000,43,NULL),
	(2090,2048,14,522,26,1000,43,NULL),
	(2091,2049,14,514,26,1000,43,NULL),
	(2092,2050,14,512,26,1000,43,NULL),
	(2093,2051,14,517,26,1000,43,NULL),
	(2094,2052,14,512,26,1000,42,NULL),
	(2095,2053,14,513,26,1000,42,NULL),
	(2096,2054,14,514,26,1000,42,NULL),
	(2097,2055,14,516,26,1000,42,NULL),
	(2098,2056,14,513,26,1000,42,NULL),
	(2099,2057,14,511,26,1000,42,NULL),
	(2100,2058,14,511,26,1000,42,NULL),
	(2101,2059,14,513,26,1000,43,NULL),
	(2102,2060,14,507,26,1000,43,NULL),
	(2103,2061,14,504,26,1000,43,NULL),
	(2104,2062,14,507,26,1000,43,NULL),
	(2105,2063,14,504,26,1000,43,NULL),
	(2106,2064,14,505,26,1000,43,NULL),
	(2107,2065,14,504,26,1000,43,NULL),
	(2108,2066,14,510,26,1000,43,NULL),
	(2109,2067,14,515,26,1000,43,NULL),
	(2110,2068,14,513,26,1000,43,NULL),
	(2111,2069,14,515,26,1000,43,NULL),
	(2112,2070,14,514,26,1000,43,NULL),
	(2113,2071,14,514,26,1000,43,NULL),
	(2114,2072,14,516,26,1000,43,NULL),
	(2115,2073,14,500,26,1000,43,NULL),
	(2116,2074,14,500,26,1000,43,NULL),
	(2117,2075,14,500,26,1000,43,NULL),
	(2118,2076,14,500,26,1000,43,NULL),
	(2119,2077,14,500,26,1000,43,NULL),
	(2120,2078,14,500,26,1000,43,NULL),
	(2121,2079,14,500,26,1000,43,NULL),
	(2122,2080,14,500,26,1000,43,NULL),
	(2123,2081,14,500,26,1000,43,NULL),
	(2124,2082,14,500,26,1000,44,NULL),
	(2125,2083,14,500,26,1000,44,NULL),
	(2126,2084,14,500,26,1000,44,NULL),
	(2127,2085,14,500,26,1000,43,NULL),
	(2128,2086,14,500,26,1000,43,NULL),
	(2129,2087,14,500,26,1000,44,NULL),
	(2130,2088,14,500,26,1000,44,NULL),
	(2131,2089,14,500,26,1000,44,NULL),
	(2132,2090,14,500,26,1000,44,NULL),
	(2133,2091,14,500,26,1000,44,NULL),
	(2134,2092,14,500,26,1000,44,NULL),
	(2135,2093,14,500,26,1000,44,NULL),
	(2136,2094,14,500,26,1000,44,NULL),
	(2137,2095,14,500,26,1000,44,NULL),
	(2138,2096,14,500,26,1000,44,NULL),
	(2139,2097,14,500,26,1000,44,NULL),
	(2140,2098,14,500,26,1000,44,NULL),
	(2141,2099,14,500,26,1000,44,NULL),
	(2142,2100,14,500,26,1000,44,NULL),
	(2143,2101,14,500,26,1000,44,NULL),
	(2144,2102,14,500,26,1000,44,NULL),
	(2145,2103,14,500,26,1000,44,NULL),
	(2146,2104,14,500,26,1000,44,NULL),
	(2147,2105,14,500,26,1000,44,NULL),
	(2148,2106,14,500,26,1000,44,NULL),
	(2149,2107,14,500,26,1000,44,NULL),
	(2150,2108,14,500,26,1000,44,NULL),
	(2151,2109,14,500,26,1000,44,NULL),
	(2152,2110,14,500,26,1000,44,NULL),
	(2153,2111,14,500,26,1000,44,NULL),
	(2154,2112,14,500,26,1000,44,NULL),
	(2155,2113,14,500,26,1000,44,NULL),
	(2156,2114,14,500,26,1000,44,NULL),
	(2157,2115,14,500,26,1000,44,NULL),
	(2158,2116,14,500,26,1000,44,NULL),
	(2159,2117,14,500,26,1000,44,NULL),
	(2160,2118,14,500,26,1000,44,NULL),
	(2161,2119,14,500,26,1000,44,NULL),
	(2162,2120,14,500,26,1000,45,NULL),
	(2163,2121,14,500,26,1000,45,NULL),
	(2164,2122,14,500,26,1000,45,NULL),
	(2165,2123,14,500,26,1000,45,NULL),
	(2166,2124,14,500,26,1000,44,NULL),
	(2167,2125,14,500,26,1000,45,NULL),
	(2168,2126,14,500,26,1000,45,NULL),
	(2169,2127,14,500,26,1000,45,NULL),
	(2170,2128,14,500,26,1000,45,NULL),
	(2171,2129,14,500,26,1000,45,NULL),
	(2172,2130,14,501,26,1000,45,NULL),
	(2173,2131,14,500,26,1000,45,NULL),
	(2174,2132,14,500,26,1000,45,NULL),
	(2175,2133,14,499,26,1000,44,NULL),
	(2176,2134,14,501,26,1000,44,NULL),
	(2177,2135,14,503,26,1000,45,NULL),
	(2178,2136,14,500,26,1000,45,NULL),
	(2179,2137,14,500,26,1000,45,NULL),
	(2180,2138,14,494,26,1000,45,NULL),
	(2181,2139,14,500,26,1000,45,NULL),
	(2182,2140,14,503,26,1000,45,NULL),
	(2183,2141,14,513,26,1000,45,NULL),
	(2184,2142,14,513,26,1000,45,NULL),
	(2185,2143,14,511,26,1000,45,NULL),
	(2186,2144,14,500,26,1000,44,NULL),
	(2187,2145,14,494,26,1000,44,NULL),
	(2188,2146,14,489,26,1000,44,NULL),
	(2189,2147,14,482,26,1000,44,NULL),
	(2190,2148,14,481,26,1000,44,NULL),
	(2191,2149,14,484,26,1000,44,NULL),
	(2192,2150,14,491,26,1000,44,NULL),
	(2193,2151,14,501,26,1000,44,NULL),
	(2194,2152,14,502,26,1000,44,NULL),
	(2195,2153,14,500,26,1000,44,NULL),
	(2196,2154,14,503,26,1000,44,NULL),
	(2197,2155,14,504,26,1000,44,NULL),
	(2198,2156,14,500,26,1000,44,NULL),
	(2199,2157,14,500,26,1000,44,NULL),
	(2200,2158,14,500,26,1000,44,NULL),
	(2201,2159,14,500,26,1000,44,NULL),
	(2202,2160,14,500,26,1000,44,NULL),
	(2203,2161,14,500,26,1000,44,NULL),
	(2204,2162,14,500,26,1000,44,NULL),
	(2205,2163,14,500,26,1000,43,NULL),
	(2206,2164,14,515,26,1000,44,NULL),
	(2207,2165,14,520,26,1000,44,NULL),
	(2208,2166,14,521,26,1000,44,NULL),
	(2209,2167,14,529,26,1000,44,NULL),
	(2210,2168,14,525,26,1000,44,NULL),
	(2211,2169,14,522,26,1000,44,NULL),
	(2212,2170,14,522,26,1000,44,NULL),
	(2213,2171,14,522,26,1000,44,NULL),
	(2214,2172,14,521,26,1000,44,NULL),
	(2215,2173,14,522,26,1000,44,NULL),
	(2216,2174,14,520,26,1000,44,NULL),
	(2217,2175,14,522,26,1000,44,NULL),
	(2218,2176,14,519,26,1000,44,NULL),
	(2219,2177,14,514,26,1000,44,NULL),
	(2220,2178,14,517,26,1000,44,NULL),
	(2221,2179,14,510,26,1000,44,NULL),
	(2222,2180,14,514,26,1000,44,NULL),
	(2223,2181,14,515,26,1000,44,NULL),
	(2224,2182,14,516,26,1000,44,NULL),
	(2225,2183,14,508,26,1000,44,NULL),
	(2226,2184,14,500,26,1000,44,NULL),
	(2227,2185,14,499,26,1000,43,NULL),
	(2228,2186,14,502,26,1000,44,NULL),
	(2229,2187,14,499,26,1000,44,NULL),
	(2230,2188,14,500,26,1000,44,NULL),
	(2231,2189,14,501,26,1000,43,NULL),
	(2232,2190,14,506,26,1000,43,NULL),
	(2233,2191,14,509,26,1000,43,NULL),
	(2234,2192,14,507,26,1000,44,NULL),
	(2235,2193,14,508,26,1000,43,NULL),
	(2236,2194,14,510,26,1000,43,NULL),
	(2237,2195,14,513,26,1000,43,NULL),
	(2238,2196,14,518,26,1000,43,NULL),
	(2239,2197,14,530,26,1000,44,NULL),
	(2240,2198,14,527,26,1000,44,NULL),
	(2241,2199,14,526,26,1000,44,NULL),
	(2242,2200,14,525,26,1000,44,NULL),
	(2243,2201,14,529,26,1000,44,NULL),
	(2244,2202,14,528,26,1000,44,NULL),
	(2245,2203,14,523,26,1000,44,NULL),
	(2246,2204,14,521,26,1000,44,NULL),
	(2247,2205,14,518,26,1000,44,NULL),
	(2248,2206,14,515,26,1000,44,NULL),
	(2249,2207,14,511,26,1000,43,NULL),
	(2250,2208,14,510,26,1000,43,NULL),
	(2251,2209,14,511,26,1000,43,NULL),
	(2252,2210,14,512,26,1000,44,NULL),
	(2253,2211,14,513,26,1000,44,NULL),
	(2254,2212,14,513,26,1000,44,NULL),
	(2255,2213,14,513,26,1000,44,NULL),
	(2256,2214,14,515,26,1000,44,NULL),
	(2257,2215,14,515,26,1000,44,NULL),
	(2258,2216,14,517,26,1000,44,NULL),
	(2259,2217,14,518,26,1000,44,NULL),
	(2260,2218,14,519,26,1000,44,NULL),
	(2261,2219,14,519,26,1000,44,NULL),
	(2262,2220,14,500,26,1000,43,NULL),
	(2263,2221,14,500,26,1000,43,NULL),
	(2264,2222,14,500,26,1000,43,NULL),
	(2265,2223,14,500,26,1000,43,NULL),
	(2266,2224,14,500,26,1000,43,NULL),
	(2267,2225,14,500,26,1000,43,NULL),
	(2268,2226,14,500,26,1000,43,NULL),
	(2269,2227,14,500,26,1000,43,NULL),
	(2270,2228,14,500,26,1000,44,NULL),
	(2271,2229,14,500,26,1000,43,NULL),
	(2272,2230,14,500,26,1000,44,NULL),
	(2273,2231,14,500,26,1000,43,NULL),
	(2274,2232,14,500,26,1000,43,NULL),
	(2275,2233,14,500,26,1000,43,NULL),
	(2276,2234,14,500,26,1000,43,NULL),
	(2277,2235,14,500,26,1000,44,NULL),
	(2278,2236,14,500,26,1000,44,NULL),
	(2279,2237,14,500,26,1000,44,NULL),
	(2280,2238,14,500,26,1000,43,NULL),
	(2281,2239,14,500,26,1000,43,NULL),
	(2282,2240,14,500,26,1000,43,NULL),
	(2283,2241,14,500,26,1000,43,NULL),
	(2284,2242,14,500,26,1000,43,NULL),
	(2285,2243,14,500,26,1000,43,NULL),
	(2286,2244,14,500,26,1000,43,NULL),
	(2287,2245,14,500,27,1000,43,NULL),
	(2288,2246,14,500,27,1000,43,NULL),
	(2289,2247,14,500,27,1000,43,NULL),
	(2290,2248,14,500,27,1000,43,NULL),
	(2291,2249,14,500,27,1000,43,NULL),
	(2292,2250,14,500,27,1000,43,NULL),
	(2293,2251,14,500,27,1000,43,NULL),
	(2294,2252,14,500,27,1000,43,NULL),
	(2295,2253,14,500,27,1000,43,NULL),
	(2296,2254,14,500,27,1000,43,NULL),
	(2297,2255,14,500,27,1000,42,NULL),
	(2298,2256,14,500,27,1000,42,NULL),
	(2299,2257,14,500,27,1000,42,NULL),
	(2300,2258,14,500,27,1000,42,NULL),
	(2301,2259,14,500,27,1000,42,NULL),
	(2302,2260,14,500,27,1000,42,NULL),
	(2303,2261,14,500,27,1000,42,NULL),
	(2304,2262,14,511,27,1000,43,NULL),
	(2305,2263,14,500,27,1000,42,NULL),
	(2306,2264,14,502,27,1000,43,NULL),
	(2307,2265,14,503,27,1000,43,NULL),
	(2308,2266,14,501,27,1000,43,NULL),
	(2309,2267,14,502,27,1000,43,NULL),
	(2310,2268,14,507,27,1000,43,NULL),
	(2311,2269,14,507,26,1000,43,NULL),
	(2312,2270,14,505,26,1000,43,NULL),
	(2313,2271,14,500,26,1000,43,NULL),
	(2314,2272,14,500,26,1000,43,NULL),
	(2315,2273,14,497,26,1000,43,NULL),
	(2316,2274,14,500,26,1000,43,NULL),
	(2317,2275,14,504,26,1000,43,NULL),
	(2318,2276,14,512,26,1000,43,NULL),
	(2319,2277,14,515,26,1000,43,NULL),
	(2320,2278,14,521,26,1000,43,NULL),
	(2321,2279,14,544,26,1000,43,NULL),
	(2322,2280,14,545,26,1000,43,NULL),
	(2323,2281,14,540,26,1000,43,NULL),
	(2324,2282,14,539,26,1000,43,NULL),
	(2325,2283,14,532,26,1000,44,NULL),
	(2326,2284,14,522,26,1000,43,NULL),
	(2327,2285,14,512,26,1000,43,NULL),
	(2328,2286,14,513,26,1000,43,NULL),
	(2329,2287,14,518,26,1000,43,NULL),
	(2330,2288,14,518,26,1000,43,NULL),
	(2331,2289,14,519,26,1000,43,NULL),
	(2332,2290,14,516,26,1000,43,NULL),
	(2333,2291,14,514,26,1000,43,NULL),
	(2334,2292,14,513,26,1000,43,NULL),
	(2335,2293,14,507,26,1000,43,NULL),
	(2336,2294,14,504,26,1000,43,NULL),
	(2337,2295,14,501,26,1000,43,NULL),
	(2338,2296,14,500,26,1000,43,NULL),
	(2339,2297,14,499,26,1000,43,NULL),
	(2340,2298,14,497,26,1000,43,NULL),
	(2341,2299,14,509,26,1000,43,NULL),
	(2342,2300,14,513,26,1000,43,NULL),
	(2343,2301,14,517,26,1000,43,NULL),
	(2344,2302,14,517,26,1000,43,NULL),
	(2345,2303,14,516,26,1000,43,NULL),
	(2346,2304,14,517,26,1000,43,NULL),
	(2347,2305,14,516,26,1000,43,NULL),
	(2348,2306,14,515,26,1000,43,NULL),
	(2349,2307,14,516,26,1000,43,NULL),
	(2350,2308,14,515,26,1000,43,NULL),
	(2351,2309,14,526,26,1000,43,NULL),
	(2352,2310,14,536,26,1000,43,NULL),
	(2353,2311,14,546,26,1000,44,NULL),
	(2354,2312,14,541,26,1000,44,NULL),
	(2355,2313,14,538,26,1000,44,NULL),
	(2356,2314,14,525,26,1000,44,NULL),
	(2357,2315,14,522,26,1000,44,NULL),
	(2358,2316,14,518,26,1000,43,NULL),
	(2359,2317,14,517,26,1000,43,NULL),
	(2360,2318,14,521,26,1000,43,NULL),
	(2361,2319,14,529,26,1000,43,NULL),
	(2362,2320,14,525,26,1000,44,NULL),
	(2363,2321,14,523,26,1000,43,NULL),
	(2364,2322,14,521,26,1000,43,NULL),
	(2365,2323,14,532,26,1000,43,NULL),
	(2366,2324,14,529,26,1000,43,NULL),
	(2367,2325,14,529,26,1000,44,NULL),
	(2368,2326,14,532,26,1000,44,NULL),
	(2369,2327,14,528,26,1000,44,NULL),
	(2370,2328,14,526,26,1000,44,NULL),
	(2371,2329,14,520,26,1000,44,NULL),
	(2372,2330,14,515,26,1000,44,NULL),
	(2373,2331,14,500,26,1000,44,NULL),
	(2374,2332,14,494,26,1000,44,NULL),
	(2375,2333,14,492,26,1000,43,NULL),
	(2376,2334,14,500,26,1000,43,NULL),
	(2377,2335,14,500,26,1000,43,NULL),
	(2378,2336,14,506,26,1000,43,NULL),
	(2379,2337,14,510,26,1000,43,NULL),
	(2380,2338,14,513,26,1000,43,NULL),
	(2381,2339,14,525,26,1000,43,NULL),
	(2382,2340,14,537,26,1000,43,NULL),
	(2383,2341,14,543,26,1000,43,NULL),
	(2384,2342,14,547,26,1000,43,NULL),
	(2385,2343,14,541,26,1000,43,NULL),
	(2386,2344,14,537,26,1000,43,NULL),
	(2387,2345,14,537,26,1000,43,NULL),
	(2388,2346,14,543,26,1000,44,NULL),
	(2389,2347,14,552,26,1000,44,NULL),
	(2390,2348,14,557,26,1000,44,NULL),
	(2391,2349,14,537,26,1000,44,NULL),
	(2392,2350,14,523,26,1000,44,NULL),
	(2393,2351,14,521,26,1000,44,NULL),
	(2394,2352,14,521,26,1000,44,NULL),
	(2395,2353,14,527,26,1000,44,NULL),
	(2396,2354,14,537,26,1000,44,NULL),
	(2397,2355,14,540,26,1000,44,NULL),
	(2398,2356,14,540,26,1000,44,NULL),
	(2399,2357,14,543,26,1000,44,NULL),
	(2400,2358,14,543,26,1000,44,NULL),
	(2401,2359,14,542,26,1000,44,NULL),
	(2402,2360,14,539,26,1000,44,NULL),
	(2403,2361,14,536,26,1000,44,NULL),
	(2404,2362,14,521,26,1000,44,NULL),
	(2405,2363,14,523,26,1000,43,NULL),
	(2406,2364,14,518,26,1000,43,NULL),
	(2407,2365,14,519,26,1000,43,NULL),
	(2408,2366,14,524,26,1000,44,NULL),
	(2409,2367,14,536,26,1000,44,NULL),
	(2410,2368,14,542,26,1000,44,NULL),
	(2411,2369,14,540,26,1000,44,NULL),
	(2412,2370,14,542,26,1000,44,NULL),
	(2413,2371,14,529,26,1000,44,NULL),
	(2414,2372,14,522,26,1000,43,NULL),
	(2415,2373,14,516,26,1000,43,NULL),
	(2416,2374,14,520,26,1000,43,NULL),
	(2417,2375,14,522,26,1000,43,NULL),
	(2418,2376,14,514,26,1000,43,NULL),
	(2419,2377,14,516,26,1000,43,NULL),
	(2420,2378,14,520,26,1000,43,NULL),
	(2421,2379,14,535,26,1000,44,NULL),
	(2422,2380,14,538,26,1000,43,NULL),
	(2423,2381,14,542,26,1000,43,NULL),
	(2424,2382,14,544,26,1000,43,NULL),
	(2425,2383,14,547,26,1000,43,NULL),
	(2426,2384,14,553,26,1000,44,NULL),
	(2427,2385,14,553,26,1000,44,NULL),
	(2428,2386,14,548,26,1000,44,NULL),
	(2429,2387,14,549,26,1000,44,NULL),
	(2430,2388,14,548,26,1000,44,NULL),
	(2431,2389,14,545,26,1000,44,NULL),
	(2432,2390,14,541,26,1000,44,NULL),
	(2433,2391,14,535,26,1000,44,NULL),
	(2434,2392,14,530,26,1000,43,NULL),
	(2435,2393,14,535,26,1000,44,NULL),
	(2436,2394,14,535,26,1000,44,NULL),
	(2437,2395,14,536,26,1000,44,NULL),
	(2438,2396,14,532,26,1000,44,NULL),
	(2439,2397,14,528,26,1000,44,NULL),
	(2440,2398,14,524,26,1000,44,NULL),
	(2441,2399,14,521,26,1000,44,NULL),
	(2442,2400,14,522,26,1000,44,NULL),
	(2443,2401,14,521,26,1000,43,NULL),
	(2444,2402,14,519,26,1000,43,NULL),
	(2445,2403,14,515,26,1000,43,NULL),
	(2446,2404,14,512,26,1000,43,NULL),
	(2447,2405,14,505,26,1000,43,NULL),
	(2448,2406,14,504,26,1000,43,NULL),
	(2449,2407,14,503,26,1000,43,NULL),
	(2450,2408,14,501,26,1000,43,NULL),
	(2451,2409,14,503,26,1000,43,NULL),
	(2452,2410,14,505,26,1000,43,NULL),
	(2453,2411,14,517,26,1000,43,NULL),
	(2454,2412,14,522,26,1000,43,NULL),
	(2455,2413,14,538,26,1000,43,NULL),
	(2456,2414,14,536,26,1000,43,NULL),
	(2457,2415,14,529,26,1000,43,NULL),
	(2458,2416,14,528,26,1000,43,NULL),
	(2459,2417,14,524,26,1000,43,NULL),
	(2460,2418,14,513,26,1000,43,NULL),
	(2461,2419,14,509,26,1000,43,NULL),
	(2462,2420,14,518,26,1000,43,NULL),
	(2463,2421,14,526,26,1000,43,NULL),
	(2464,2422,14,538,26,1000,43,NULL),
	(2465,2423,14,543,26,1000,43,NULL),
	(2466,2424,14,554,26,1000,43,NULL),
	(2467,2425,14,559,26,1000,44,NULL),
	(2468,2426,14,562,26,1000,44,NULL),
	(2469,2427,14,563,26,1000,44,NULL),
	(2470,2428,14,566,26,1000,44,NULL),
	(2471,2429,14,568,26,1000,44,NULL),
	(2472,2430,14,564,26,1000,44,NULL),
	(2473,2431,14,559,26,1000,44,NULL),
	(2474,2432,14,551,26,1000,44,NULL),
	(2475,2433,14,550,26,1000,44,NULL),
	(2476,2434,14,549,26,1000,44,NULL),
	(2477,2435,14,543,26,1000,44,NULL),
	(2478,2436,14,544,26,1000,44,NULL),
	(2479,2437,14,542,26,1000,44,NULL),
	(2480,2438,14,543,26,1000,44,NULL),
	(2481,2439,14,541,26,1000,44,NULL),
	(2482,2440,14,543,26,1000,44,NULL),
	(2483,2441,14,542,26,1000,44,NULL),
	(2484,2442,14,530,26,1000,44,NULL),
	(2485,2443,14,531,26,1000,44,NULL),
	(2486,2444,14,538,26,1000,44,NULL),
	(2487,2445,14,536,26,1000,44,NULL),
	(2488,2446,14,540,26,1000,44,NULL),
	(2489,2447,14,530,26,1000,44,NULL),
	(2490,2448,14,510,26,1000,44,NULL),
	(2491,2449,14,499,26,1000,43,NULL),
	(2492,2450,14,503,26,1000,43,NULL),
	(2493,2451,14,507,26,1000,44,NULL),
	(2494,2452,14,521,26,1000,44,NULL),
	(2495,2453,14,531,26,1000,44,NULL),
	(2496,2454,14,535,26,1000,44,NULL),
	(2497,2455,14,535,26,1000,44,NULL),
	(2498,2456,14,543,26,1000,44,NULL),
	(2499,2457,14,548,26,1000,44,NULL),
	(2500,2458,14,548,26,1000,44,NULL),
	(2501,2459,14,542,26,1000,44,NULL),
	(2502,2460,14,538,26,1000,44,NULL),
	(2503,2461,14,538,26,1000,44,NULL),
	(2504,2462,14,539,26,1000,44,NULL),
	(2505,2463,14,546,26,1000,44,NULL),
	(2506,2464,14,545,26,1000,44,NULL),
	(2507,2465,14,538,26,1000,44,NULL),
	(2508,2466,14,541,26,1000,44,NULL),
	(2509,2467,14,536,26,1000,44,NULL),
	(2510,2468,14,538,26,1000,44,NULL),
	(2511,2469,14,537,26,1000,44,NULL),
	(2512,2470,14,539,26,1000,44,NULL),
	(2513,2471,14,542,26,1000,45,NULL),
	(2514,2472,14,539,26,1000,45,NULL),
	(2515,2473,14,539,26,1000,45,NULL),
	(2516,2474,14,537,26,1000,45,NULL),
	(2517,2475,14,536,26,1000,45,NULL),
	(2518,2476,14,529,26,1000,45,NULL),
	(2519,2477,14,523,26,1000,44,NULL),
	(2520,2478,14,521,26,1000,44,NULL),
	(2521,2479,14,519,26,1000,44,NULL),
	(2522,2480,14,520,26,1000,44,NULL),
	(2523,2481,14,523,26,1000,45,NULL),
	(2524,2482,14,527,26,1000,45,NULL),
	(2525,2483,14,526,26,1000,44,NULL),
	(2526,2484,14,530,26,1000,44,NULL),
	(2527,2485,14,531,26,1000,44,NULL),
	(2528,2486,14,525,26,1000,44,NULL),
	(2529,2487,14,524,26,1000,44,NULL),
	(2530,2488,14,519,26,1000,44,NULL),
	(2531,2489,14,515,26,1000,44,NULL),
	(2533,2497,10,0.5,25,0.3,0.66,450),
	(2534,2499,10,0.5,25,0.3,0.66,450),
	(2535,2538,14,2422,25,994,55,204),
	(2536,2539,14,2416,25,994,55,203),
	(2537,2540,14,2413,25,994,55,203),
	(2538,2541,14,2521,25,994,54,212),
	(2539,2542,14,2520,25,994,54,212),
	(2540,2543,14,2535,25,994,53,213),
	(2541,2544,14,2538,25,994,54,214),
	(2542,2545,14,2531,25,994,54,213),
	(2543,2546,14,2537,25,994,54,214),
	(2544,2547,14,2787,25,994,57,234),
	(2545,2548,14,2910,25,994,57,244),
	(2546,2549,14,2888,25,994,56,243),
	(2547,2550,14,2869,25,994,56,241),
	(2548,2551,14,2839,25,994,56,239),
	(2549,2552,14,2818,25,994,56,237),
	(2550,2553,14,2803,25,994,56,236),
	(2551,2554,14,2779,25,994,56,234),
	(2552,2555,14,2763,25,994,55,232),
	(2553,2556,14,2752,25,994,55,231),
	(2554,2557,14,2733,25,994,55,230),
	(2555,2558,14,2738,25,994,56,230),
	(2556,2559,14,2750,25,994,55,231),
	(2557,2560,14,2770,25,994,55,233),
	(2558,2561,14,2765,25,994,55,233),
	(2559,2562,14,2766,25,994,55,233),
	(2560,2563,14,2786,25,994,55,234),
	(2561,2564,14,2808,25,994,55,236),
	(2562,2565,14,2837,25,994,54,239),
	(2563,2566,14,2903,25,994,54,244),
	(2564,2567,14,2927,25,994,54,246),
	(2565,2568,14,2959,25,994,54,249),
	(2566,2569,14,2983,25,994,54,250),
	(2567,2570,14,2997,25,994,54,250),
	(2568,2571,14,3028,25,994,54,252),
	(2569,2572,14,3060,25,994,53,253),
	(2570,2573,14,3080,25,994,53,254),
	(2571,2574,14,3150,25,994,53,259),
	(2572,2575,14,3177,25,994,52,259),
	(2573,2576,14,3110,25,994,53,253),
	(2574,2577,14,3021,25,994,53,246),
	(2575,2578,14,2999,25,994,52,244),
	(2576,2579,14,2946,25,994,52,240),
	(2577,2580,14,2922,25,994,52,238),
	(2578,2581,14,2914,25,994,52,237),
	(2579,2582,14,2902,25,994,52,236),
	(2580,2583,14,2915,25,994,52,238),
	(2581,2584,14,2919,25,994,52,238),
	(2582,2585,14,2954,25,994,52,241),
	(2583,2586,14,2963,25,994,52,241),
	(2584,2587,14,2964,25,994,52,242),
	(2585,2588,14,2938,25,994,52,239),
	(2586,2589,14,2914,25,994,52,238),
	(2587,2590,14,2892,25,994,52,236),
	(2588,2591,14,2853,25,994,52,229),
	(2589,2592,14,2788,26,994,52,227),
	(2590,2593,14,2755,26,994,52,225),
	(2591,2594,14,2733,26,994,52,223),
	(2592,2595,14,2733,26,994,52,223),
	(2593,2596,14,2728,26,994,52,223),
	(2594,2597,14,2743,26,994,53,224),
	(2595,2598,14,2734,26,994,53,223),
	(2596,2599,14,2724,26,994,53,222),
	(2597,2600,14,2678,26,994,53,219),
	(2598,2601,14,2663,26,994,52,218),
	(2599,2602,14,2623,26,994,52,214),
	(2600,2603,14,2604,26,994,52,213),
	(2601,2604,14,2590,26,994,52,212),
	(2602,2605,14,2565,26,994,52,210),
	(2603,2606,14,2530,26,994,52,207),
	(2604,2607,14,2530,26,994,52,207),
	(2605,2608,14,2556,26,994,52,209),
	(2606,2609,14,2549,26,994,52,209),
	(2607,2610,14,2528,26,994,52,207),
	(2608,2611,14,2519,26,994,52,206),
	(2609,2612,14,2505,26,994,52,205),
	(2610,2613,14,2491,26,994,52,204),
	(2611,2614,14,2492,26,994,52,204),
	(2612,2615,14,2485,26,994,51,204),
	(2613,2616,14,2496,26,994,51,204),
	(2614,2617,14,2501,26,994,51,205),
	(2615,2618,14,2501,26,994,52,205),
	(2616,2619,14,2496,26,994,51,204),
	(2617,2620,14,2507,26,994,51,205),
	(2618,2621,14,2519,26,994,52,206),
	(2619,2622,14,2513,26,994,52,206),
	(2620,2623,14,2523,26,994,52,207),
	(2621,2624,14,2533,26,994,52,208),
	(2622,2625,14,2531,26,994,52,207),
	(2623,2626,14,2541,26,994,52,208),
	(2624,2627,14,2532,26,994,52,207),
	(2625,2628,14,2530,26,994,52,207),
	(2626,2629,14,2530,26,994,52,207),
	(2627,2630,14,2521,26,994,52,207),
	(2628,2631,14,2502,26,994,52,205),
	(2629,2632,14,2513,26,994,51,206),
	(2630,2633,14,2507,26,994,51,206),
	(2631,2634,14,2521,26,994,51,207),
	(2632,2635,14,2519,26,994,51,207),
	(2633,2636,14,2523,26,994,51,207),
	(2634,2637,14,2535,26,994,51,208),
	(2635,2638,14,2527,26,994,51,207),
	(2636,2639,14,2533,26,994,51,208),
	(2637,2640,14,2551,26,994,51,209),
	(2638,2641,14,2556,26,994,51,209),
	(2639,2642,14,2557,26,994,51,210),
	(2640,2643,14,2574,26,994,52,211),
	(2641,2644,14,2569,26,994,52,211),
	(2642,2645,14,2550,26,994,52,209),
	(2643,2646,14,2544,26,994,51,209),
	(2644,2647,14,2540,26,994,51,208),
	(2645,2648,14,2539,26,994,51,208),
	(2646,2649,14,2528,26,994,51,207),
	(2647,2650,14,2511,26,994,51,206),
	(2648,2651,14,2509,26,994,51,206),
	(2649,2652,14,2494,26,994,51,205),
	(2650,2653,14,2497,26,994,51,205),
	(2651,2654,14,2517,26,994,51,207),
	(2652,2655,14,2515,26,994,51,206),
	(2653,2656,14,2521,26,994,51,207),
	(2654,2657,14,2530,26,994,51,208),
	(2655,2658,14,2530,26,994,51,208),
	(2656,2659,14,2517,26,994,51,207),
	(2657,2660,14,2521,26,994,51,207),
	(2658,2661,14,2527,26,994,51,207),
	(2659,2662,14,2541,26,994,51,209),
	(2660,2663,14,2541,26,994,51,209),
	(2661,2664,14,2541,26,994,51,209),
	(2662,2665,14,2544,26,994,51,209),
	(2663,2666,14,2529,26,994,51,208),
	(2664,2667,14,2527,26,994,51,208),
	(2665,2668,14,2536,26,994,51,208),
	(2666,2669,14,2552,26,994,51,209),
	(2667,2670,14,2557,26,994,51,210),
	(2668,2671,14,2557,26,994,51,210),
	(2669,2672,14,2560,26,994,51,210),
	(2670,2673,14,2577,26,994,51,212),
	(2671,2674,14,2581,26,994,51,212),
	(2672,2675,14,2567,26,994,51,211),
	(2673,2676,14,2571,26,994,51,211),
	(2674,2677,14,2545,26,994,50,209),
	(2675,2678,14,2540,26,994,50,209),
	(2676,2679,14,2539,26,994,50,209),
	(2677,2680,14,2545,26,994,50,209),
	(2678,2681,14,2537,26,994,51,208),
	(2679,2682,14,2557,26,994,51,210),
	(2680,2683,14,2569,26,994,51,211),
	(2681,2684,14,2575,26,994,51,212),
	(2682,2685,14,2581,26,994,51,212),
	(2683,2686,14,2596,26,994,50,213),
	(2684,2687,14,2605,26,994,51,215),
	(2685,2688,14,2620,26,994,51,215),
	(2686,2689,14,2633,26,994,51,216),
	(2687,2690,14,2623,26,994,51,215),
	(2688,2691,14,2637,26,994,51,217),
	(2689,2692,14,2632,26,994,51,216),
	(2690,2693,14,2629,26,994,51,216),
	(2691,2694,14,2613,26,994,51,215),
	(2692,2695,14,2612,26,994,51,215),
	(2693,2696,14,2597,26,994,51,213),
	(2694,2697,14,2575,26,994,51,212),
	(2695,2698,14,2577,26,994,51,212),
	(2696,2699,14,2588,26,994,50,213),
	(2697,2700,14,2592,26,994,50,213),
	(2698,2701,14,2588,26,994,50,213),
	(2699,2702,14,2579,26,994,51,212),
	(2700,2703,14,2574,26,994,51,210),
	(2701,2704,14,2559,26,994,50,210),
	(2702,2705,14,2562,26,994,50,211),
	(2703,2706,14,2575,26,994,50,212),
	(2704,2707,14,2562,26,994,50,211),
	(2705,2708,14,2566,26,994,50,211),
	(2706,2709,14,2574,26,994,50,212),
	(2707,2710,14,2594,26,994,50,213),
	(2708,2711,14,2605,26,994,50,214),
	(2709,2712,14,2603,26,994,50,214),
	(2710,2713,14,2611,26,994,50,215),
	(2711,2714,14,2617,26,994,50,215),
	(2712,2715,14,2616,26,994,50,215),
	(2713,2716,14,2618,26,994,50,215),
	(2714,2717,14,2624,26,994,50,216),
	(2715,2718,14,2629,26,994,50,216),
	(2716,2719,14,2640,26,994,50,217),
	(2717,2720,14,2639,26,994,50,217),
	(2718,2721,14,2634,26,994,50,217),
	(2719,2722,14,2633,26,994,50,217),
	(2720,2723,14,2626,26,994,50,216),
	(2721,2724,14,2613,26,994,50,215),
	(2722,2725,14,2625,26,994,49,216),
	(2723,2726,14,2637,26,994,50,217),
	(2724,2727,14,2661,26,994,50,219),
	(2725,2728,14,2669,26,994,50,220),
	(2726,2729,14,2665,26,994,50,219),
	(2727,2730,14,2662,26,994,50,219),
	(2728,2731,14,2670,26,994,49,220),
	(2729,2732,14,2657,26,994,49,219),
	(2730,2733,14,2612,26,994,49,215),
	(2731,2734,14,2580,26,994,49,213),
	(2732,2735,14,2597,26,994,49,214),
	(2733,2736,14,2621,26,994,49,216),
	(2734,2737,14,2629,26,994,50,216),
	(2735,2738,14,2633,26,994,50,217),
	(2736,2739,14,2629,26,994,50,217),
	(2737,2740,14,2625,26,994,50,216),
	(2738,2741,14,2623,26,994,50,216),
	(2739,2742,14,2630,26,994,50,217),
	(2740,2743,14,2627,26,994,50,216),
	(2741,2744,14,2642,26,994,50,218),
	(2742,2745,14,2638,26,994,50,217),
	(2743,2746,14,2629,26,994,50,217),
	(2744,2747,14,2609,26,994,50,215),
	(2745,2748,14,2607,26,994,49,215),
	(2746,2749,14,2614,26,994,49,215),
	(2747,2750,14,2627,26,994,49,217),
	(2748,2751,14,2637,26,994,49,217),
	(2749,2752,14,2601,26,994,48,214),
	(2750,2753,14,2592,26,994,48,214),
	(2751,2754,14,2588,26,994,49,213),
	(2752,2755,14,2608,26,994,49,215),
	(2753,2756,14,2620,26,994,49,216),
	(2754,2757,14,2633,26,994,49,217),
	(2755,2758,14,2658,26,994,49,219),
	(2756,2759,14,2673,26,994,49,220),
	(2757,2760,14,2675,26,994,50,220),
	(2758,2761,14,2666,26,994,50,220),
	(2759,2762,14,2663,26,994,50,220),
	(2760,2763,14,2653,26,994,50,219),
	(2761,2764,14,2655,26,994,49,219),
	(2762,2765,14,2676,26,994,49,221),
	(2763,2766,14,2730,26,994,49,225),
	(2764,2767,14,2756,26,994,49,227),
	(2765,2768,14,2807,26,994,49,231),
	(2766,2769,14,2843,26,994,49,234),
	(2767,2770,14,2835,26,994,49,234),
	(2768,2771,14,2855,26,994,49,235),
	(2769,2772,14,3052,26,994,49,251),
	(2770,2773,14,3143,26,994,49,257),
	(2771,2774,14,3165,26,994,49,258),
	(2772,2775,14,3029,26,994,49,247),
	(2773,2776,14,2912,26,994,49,237),
	(2774,2777,14,2869,26,994,50,234),
	(2775,2778,14,2817,26,994,50,230),
	(2776,2779,14,2799,26,994,50,228),
	(2777,2780,14,2784,26,994,50,227),
	(2778,2781,14,2764,26,994,50,224),
	(2779,2782,14,2759,26,994,50,225),
	(2780,2783,14,2755,26,994,50,225),
	(2781,2784,14,2799,26,994,49,228),
	(2782,2785,14,2806,26,994,50,229),
	(2783,2786,14,2786,26,994,50,227),
	(2784,2787,14,2759,26,994,50,225),
	(2785,2788,14,2735,26,994,50,223),
	(2786,2789,14,2692,26,994,49,220),
	(2787,2790,14,2670,26,994,49,218),
	(2788,2791,14,2673,26,994,49,218),
	(2789,2792,14,2690,26,994,49,220),
	(2790,2793,14,2695,26,994,49,220),
	(2791,2794,14,2696,26,994,49,220),
	(2792,2795,14,2693,26,994,49,220),
	(2793,2796,14,2701,26,994,50,221),
	(2794,2797,14,2717,26,994,49,226),
	(2795,2798,14,2785,26,994,49,227),
	(2796,2799,14,2778,26,994,49,227),
	(2797,2800,14,2780,26,994,50,227),
	(2798,2801,14,2753,26,994,50,225),
	(2799,2802,14,2756,26,994,50,225),
	(2800,2803,14,2717,26,994,50,222),
	(2801,2804,14,2684,26,994,49,219),
	(2802,2805,14,2700,26,994,49,221),
	(2803,2806,14,2723,26,994,49,223),
	(2804,2807,14,2704,26,994,49,221),
	(2805,2808,14,2676,26,994,49,219),
	(2806,2809,14,2662,26,994,49,218),
	(2807,2810,14,2663,26,994,50,218),
	(2808,2811,14,2653,26,994,50,217),
	(2809,2812,14,2658,26,994,50,218),
	(2810,2813,14,2676,26,994,50,219),
	(2811,2814,14,2694,26,994,50,220),
	(2812,2815,14,2701,26,994,50,221),
	(2813,2816,14,2678,26,994,50,219),
	(2814,2817,14,2672,26,994,50,219),
	(2815,2818,14,2671,26,994,50,219),
	(2816,2819,14,2679,26,994,50,219),
	(2817,2820,14,2687,26,994,50,220),
	(2818,2821,14,2687,26,994,50,220),
	(2819,2822,14,2677,26,994,50,219),
	(2820,2823,14,2662,26,994,50,218),
	(2821,2824,14,2637,26,994,50,216),
	(2822,2825,14,2630,26,994,50,215),
	(2823,2826,14,2629,26,994,50,215),
	(2824,2827,14,2627,26,994,50,215),
	(2825,2828,14,2637,26,994,50,216),
	(2826,2829,14,2623,26,994,50,215),
	(2827,2830,14,2614,26,994,50,214),
	(2828,2831,14,2606,26,994,49,213),
	(2829,2832,14,2595,26,994,50,213),
	(2830,2833,14,2599,26,994,50,213),
	(2831,2834,14,2609,26,994,50,214),
	(2832,2835,14,500,28,995,47,25),
	(2833,2836,14,500,28,995,46,25);

/*!40000 ALTER TABLE `measurement` ENABLE KEYS */;
UNLOCK TABLES;


# Dump of table ownership
# ------------------------------------------------------------

DROP TABLE IF EXISTS `ownership`;

CREATE TABLE `ownership` (
  `id` int(11) unsigned NOT NULL AUTO_INCREMENT,
  `device` int(11) unsigned NOT NULL,
  `user` int(11) unsigned NOT NULL,
  PRIMARY KEY (`id`),
  KEY `device` (`device`),
  KEY `user` (`user`),
  CONSTRAINT `ownership_user_id` FOREIGN KEY (`user`) REFERENCES `user` (`id`),
  CONSTRAINT `ownership_device_id` FOREIGN KEY (`device`) REFERENCES `device` (`id`)
) ENGINE=InnoDB DEFAULT CHARSET=latin1;

LOCK TABLES `ownership` WRITE;
/*!40000 ALTER TABLE `ownership` DISABLE KEYS */;

INSERT INTO `ownership` (`id`, `device`, `user`)
VALUES
	(2,2,2),
	(3,3,3),
	(4,4,7),
	(5,5,8),
	(6,6,10),
	(7,7,1),
	(8,8,1),
	(9,9,1),
	(10,10,1),
	(11,11,1),
	(12,12,1),
	(13,13,1),
	(14,14,1),
	(15,15,1),
	(16,16,1),
	(17,17,1),
	(18,18,1),
	(19,19,1),
	(20,20,1),
	(21,21,1),
	(22,22,1),
	(23,23,43),
	(24,24,44);

/*!40000 ALTER TABLE `ownership` ENABLE KEYS */;
UNLOCK TABLES;


# Dump of table session
# ------------------------------------------------------------

DROP TABLE IF EXISTS `session`;

CREATE TABLE `session` (
  `id` int(11) unsigned NOT NULL AUTO_INCREMENT,
  `timestamp` int(11) unsigned NOT NULL,
  `user` int(11) unsigned NOT NULL,
  `hash` varchar(64) NOT NULL,
  PRIMARY KEY (`id`),
  UNIQUE KEY `hash` (`hash`),
  KEY `user_id` (`user`),
  KEY `timestamp` (`timestamp`),
  CONSTRAINT `session_timestamp_id` FOREIGN KEY (`timestamp`) REFERENCES `timestamp` (`id`),
  CONSTRAINT `session_user_id` FOREIGN KEY (`user`) REFERENCES `user` (`id`)
) ENGINE=InnoDB DEFAULT CHARSET=latin1;

LOCK TABLES `session` WRITE;
/*!40000 ALTER TABLE `session` DISABLE KEYS */;

INSERT INTO `session` (`id`, `timestamp`, `user`, `hash`)
VALUES
	(1,1,1,'8383ac6ab372349e80f6c9317f50eecdcbc03b4f585f51adf2510106b04fc08f'),
	(2,2,2,'1208c2d356ec9a2e4cc53cd614bedb3a38a61267b15285e63d9de5a6877d21db'),
	(3,3,3,'d2c632ea0cff0952f4e46c8e9378637baf1bd64cd4ae907b18faaa9f2e2d420c'),
	(4,13,7,'bc9a225ae30841401d368d6099cdc4532687d9b39a830b1c9452ef8178ee7ac4'),
	(5,15,8,'703e5d29d83fe90430082bc8a730a5122d161cd5afacdf5cf58e48a088991e81'),
	(6,19,10,'f963bf950dc33f621bcaa0fc1c80115778fb3f2c565da2924d21295725f734bf'),
	(7,29,14,'e95c967f427572c766a4dd5b7dc6d9baf43bd7321aba11a16b27353e14a5bae6'),
	(8,31,15,'98a7c0e623203b616520cf51e3507d5eefd886a3ea101cce60fe1110f20c0fb6'),
	(9,33,16,'280e811897f60e8e69f4a20c413d40871b642b36bd56713b3d1ca8c69fa06d33'),
	(10,35,17,'c40aca55a044ee99ee0464e30dd33c5483766e6fbdf3f5e16a407509034b28eb'),
	(11,56,20,'c5280d44a028861739604fb388a7327240126016ff8edbcdb8694276d707a4e9'),
	(12,60,21,'a8bb37bfcd3360f2b062702d51ea209e1f8e50b438b6b6338eee95d99ce9e448'),
	(13,81,25,'9aa0bc23340783a469168f0e515d37e9e03f954a31c274572ebe721d8173857f'),
	(14,82,24,'44f9d8134ccecdeccd70dad566ece3683910aae609023ba186354033c55b13e5'),
	(15,83,23,'531da595da8c7a73331e5d0a7c8c55e8e4f72a4e7774b856f3fc50a05980af36'),
	(16,84,23,'6127354899627f8ee1f707acef1423bb12ac373ef570c8912d9af370b0baa2bf'),
	(17,85,24,'4e37d1063fb233d428a6b486417c875a47fcd49edb9095a1b6ccda11625fef0c'),
	(18,86,23,'b5f561b34befde1fe616cc229eb0710178496b634ca9f390863ff1900fda2b4d'),
	(19,87,23,'3380bbbff00d3b6f7795ffaeca9e256ffa2d1dcbb4fd0e8bcc6bfe2e10de42ed'),
	(20,88,23,'9223333c0d805dc4f880b7461b344bd427450891676782ffb8ab150333016246'),
	(21,89,23,'ee77950c95096483650c2167dedc913910d095e4790d460b02c3120e1fbd7089'),
	(22,90,23,'bc757e3deb0c532ed66400c493dbf26007a478d7c147dad5017fc37acee6b701'),
	(23,91,23,'e3bb937005017b23ad307b44952ab63ba6fad116a988e8e6218a51c3a7dcbbac'),
	(24,94,23,'138e671b6c69f39271ebd4e3b02108da9c008545596f820d997c69331f113ec5'),
	(25,95,23,'1289c2d49172b9a35373af802bd27afddfbd528755f3096e377f995ba07d4587'),
	(26,96,26,'e664c4bd0c6ca7905d2f1388bd30af9dddd4387fbde11dc67b10974f6d230c96'),
	(27,97,27,'5c71aff630eca5af3baf69dc8e3941142764529f09644b960103e24b5adb807b'),
	(28,98,28,'dd009fe923b35446ec614115b7260b1f4356e4acd9fe40d9a744530d7d342aea'),
	(29,99,29,'286e60d62ea9bc84651f4d7c0aef137a9097e8e1dabbada63251b3ad36cda81c'),
	(30,100,30,'aeca439483c2a5139f75924f7421cdb7c702e6b69a0295ce645176262144d2c7'),
	(31,101,31,'58558697e3609af299056850a1bb463b15ad85872713f9a68451d9472145964b'),
	(32,102,32,'f3802047dcdc7e15d0ec733a5bdcbc7596e69c2cbdbb8c8b6c876bc13aa87f7f'),
	(33,115,33,'c5e809bc4d25d124c6bc84181068abf0982e40c9ea0b7033c449a2420499fb25'),
	(34,116,34,'dd7c7b83acb76dbcc6730e8e7876408c6d648b97a60290831f811640f53d92c8'),
	(35,117,35,'f6dfc6f5d0756c306d4b14661b1a742c1fbb752ec3336f0b178f1616033f59f4'),
	(36,119,36,'31717977ebe00fff1a55bf4d84691f01d2e19f4d1ed22cd98c14f0beedeb544a'),
	(37,120,37,'d689ec18b53c45750609ad38307f48e39b7fd434de6abe8f30cea5683b3287b5'),
	(38,122,38,'c26cdeb315b4ecaa0dad825839bd37abfd678bc09137896f5fcf09f73912d001'),
	(39,123,39,'b40a5608656d6f23ecb4ac9b2cecd759275f9f9641b67a60c0efd3e7ce7656e6'),
	(40,230,40,'a049ccf4af24c8545388d72c88a1e3fbee3f4b44ff48e09fbd90d687afa0fee3'),
	(41,2491,41,'81359b7bc9de45b3f6b5cf239828dda95a6d0020eb749b3c3a2752c51e4805e2'),
	(42,2493,42,'3e78201f8fefc071f0cd69d8d848471385d0f2db2ac3282b0df2218d254a612a'),
	(43,2494,43,'23b03e68fea5a9902ebd56814d9764b76f54d5003d7c9eea104bf08cec779f98'),
	(44,2499,44,'e53c7fe28a389ce0a199dacdb0c7a798e6223d1a3ab818ebf3f60138eb7703ac'),
	(45,2837,37,'915fb61e44f969a215ab2a7ec4ab0a8b9e9885c88f744e2fc7d7437bdf6eecd4'),
	(46,2838,45,'10ed34c43e18644d7ffff1dd4808b47efbb269bf2702676072da7056aecad656'),
	(47,2839,46,'7251928d170ff28e1595e41be8b4d57f52818904a8a2c0585ab3338cc8261d19'),
	(48,2840,37,'676efdeb4fb7323205c114454d61a15666302ce91feadc71dcb974c5727506bf'),
	(49,2841,37,'da1f81327ce716ad58de2a096b2f3eb9cc1af23c8bc1a5ea770457a15dceb9a8'),
	(50,2842,37,'7a526109e70a93d85cace5eed6857d6709b82de896225f0ba20cfc480cd3e062'),
	(51,2844,37,'97b979aa59fda088546e5f21827fe6f33215c69d8d1344704b47a85a3f73702c');

/*!40000 ALTER TABLE `session` ENABLE KEYS */;
UNLOCK TABLES;


# Dump of table timestamp
# ------------------------------------------------------------

DROP TABLE IF EXISTS `timestamp`;

CREATE TABLE `timestamp` (
  `id` int(11) unsigned NOT NULL AUTO_INCREMENT,
  `timestamp` int(11) unsigned NOT NULL,
  PRIMARY KEY (`id`),
  UNIQUE KEY `timestamp` (`timestamp`)
) ENGINE=InnoDB DEFAULT CHARSET=latin1;

LOCK TABLES `timestamp` WRITE;
/*!40000 ALTER TABLE `timestamp` DISABLE KEYS */;

INSERT INTO `timestamp` (`id`, `timestamp`)
VALUES
	(2,1589301300),
	(3,1616877300),
	(1,1623492000),
	(4,1627844849),
	(5,1627844940),
	(6,1627845006),
	(7,1627845047),
	(8,1627845097),
	(9,1627845120),
	(10,1627845143),
	(11,1627845210),
	(12,1627845224),
	(13,1627846089),
	(14,1627916596),
	(15,1627916716),
	(16,1628085142),
	(17,1628086199),
	(18,1628087771),
	(19,1628087898),
	(20,1629048594),
	(21,1629048948),
	(22,1629049065),
	(23,1629049202),
	(24,1629049280),
	(25,1629049640),
	(26,1629050641),
	(27,1629051840),
	(28,1629137651),
	(29,1629137652),
	(30,1629137944),
	(31,1629137946),
	(32,1629137973),
	(33,1629137974),
	(34,1629193955),
	(35,1629193957),
	(36,1629194152),
	(37,1629194213),
	(38,1629194364),
	(39,1629194445),
	(40,1629281829),
	(41,1629282085),
	(42,1629282308),
	(43,1629283432),
	(44,1629283965),
	(45,1629284138),
	(46,1629295957),
	(47,1629464816),
	(48,1629464896),
	(49,1629465806),
	(50,1629467149),
	(51,1629470657),
	(52,1629536907),
	(53,1629540674),
	(54,1629540689),
	(55,1629540909),
	(56,1629540910),
	(57,1629540911),
	(58,1629541014),
	(59,1629541043),
	(60,1629541044),
	(61,1629626555),
	(62,1629719956),
	(63,1629720318),
	(64,1629720583),
	(65,1629720642),
	(66,1629721209),
	(67,1629722651),
	(68,1629726259),
	(69,1629726383),
	(70,1629726523),
	(71,1629726697),
	(72,1629727678),
	(73,1629727845),
	(74,1629728578),
	(75,1629728914),
	(76,1629787476),
	(77,1629787582),
	(78,1629787930),
	(79,1629788632),
	(80,1629788733),
	(81,1629788800),
	(82,1629788928),
	(83,1629789183),
	(84,1629789221),
	(85,1629789522),
	(86,1629789552),
	(87,1629789710),
	(88,1629789733),
	(89,1629789762),
	(90,1629789939),
	(91,1629789963),
	(92,1629827308),
	(93,1629828101),
	(94,1629828528),
	(95,1629828540),
	(96,1629828555),
	(97,1629828667),
	(98,1629828680),
	(99,1629828834),
	(100,1629828966),
	(101,1629829109),
	(102,1629829391),
	(103,1629830176),
	(104,1629898449),
	(105,1629898645),
	(106,1629899222),
	(107,1629899257),
	(108,1629899309),
	(109,1629899483),
	(110,1629902214),
	(111,1629902284),
	(112,1629902962),
	(113,1629905303),
	(114,1629905510),
	(115,1630351837),
	(116,1630351870),
	(117,1630402709),
	(118,1630402710),
	(119,1630404871),
	(120,1630451692),
	(121,1630503988),
	(122,1630503989),
	(123,1630504094),
	(124,1630507351),
	(125,1630507475),
	(126,1630507481),
	(127,1630507488),
	(128,1630507494),
	(129,1630507501),
	(130,1630507507),
	(131,1630507514),
	(132,1630507520),
	(133,1630507527),
	(134,1630507533),
	(135,1630507539),
	(136,1630507546),
	(137,1630507553),
	(138,1630507559),
	(139,1630507565),
	(140,1630507572),
	(141,1630507578),
	(142,1630507585),
	(143,1630507591),
	(144,1630507598),
	(145,1630507604),
	(146,1630507610),
	(147,1630507617),
	(148,1630507623),
	(149,1630507630),
	(150,1630507636),
	(151,1630507643),
	(152,1630507649),
	(153,1630507656),
	(154,1630507662),
	(155,1630507669),
	(156,1630507675),
	(157,1630507681),
	(158,1630507688),
	(159,1630507694),
	(160,1630507701),
	(161,1630507707),
	(162,1630507714),
	(163,1630507720),
	(164,1630507727),
	(165,1630507733),
	(166,1630507740),
	(167,1630507746),
	(168,1630507753),
	(169,1630507759),
	(170,1630507766),
	(171,1630507772),
	(172,1630507919),
	(173,1630507925),
	(174,1630507932),
	(175,1630507963),
	(176,1630507974),
	(177,1630507985),
	(178,1630507996),
	(179,1630508007),
	(180,1630508018),
	(181,1630508071),
	(182,1630508077),
	(183,1630508084),
	(184,1630508090),
	(185,1630508096),
	(186,1630508103),
	(187,1630508109),
	(188,1630508116),
	(189,1630508122),
	(190,1630508129),
	(191,1630508135),
	(192,1630508142),
	(193,1630508149),
	(194,1630508155),
	(195,1630508162),
	(196,1630508168),
	(197,1630508175),
	(198,1630508181),
	(199,1630508188),
	(200,1630508194),
	(201,1630508200),
	(202,1630508207),
	(203,1630508213),
	(204,1630508220),
	(205,1630508226),
	(206,1630508233),
	(207,1630508239),
	(208,1630508246),
	(209,1630508252),
	(210,1630508258),
	(211,1630508265),
	(212,1630508272),
	(213,1630508278),
	(214,1630508285),
	(215,1630508291),
	(216,1630508297),
	(217,1630508304),
	(218,1630508310),
	(219,1630508317),
	(220,1630508323),
	(221,1630508329),
	(222,1630508336),
	(223,1630508342),
	(224,1630508348),
	(225,1630508355),
	(226,1630508361),
	(227,1630508368),
	(228,1630508374),
	(229,1630510672),
	(230,1630510677),
	(231,1630510678),
	(232,1630512423),
	(233,1630512454),
	(234,1630512461),
	(235,1630512467),
	(236,1630512473),
	(237,1630512480),
	(238,1630512486),
	(239,1630512493),
	(240,1630512499),
	(241,1630512505),
	(242,1630512512),
	(243,1630512518),
	(244,1630512525),
	(245,1630512531),
	(246,1630512537),
	(247,1630512544),
	(248,1630512550),
	(249,1630512557),
	(250,1630512563),
	(251,1630512569),
	(252,1630512576),
	(253,1630512582),
	(254,1630512588),
	(255,1630512595),
	(256,1630512601),
	(257,1630512608),
	(258,1630512614),
	(259,1630512621),
	(260,1630512627),
	(261,1630512633),
	(262,1630512640),
	(263,1630512646),
	(264,1630512653),
	(265,1630512659),
	(266,1630512665),
	(267,1630512672),
	(268,1630512678),
	(269,1630512685),
	(270,1630512691),
	(271,1630512698),
	(272,1630512704),
	(273,1630512711),
	(274,1630512717),
	(275,1630512737),
	(276,1630512743),
	(277,1630512750),
	(278,1630512756),
	(279,1630512762),
	(280,1630512769),
	(281,1630512775),
	(282,1630512782),
	(283,1630512788),
	(284,1630512795),
	(285,1630512801),
	(286,1630512808),
	(287,1630512815),
	(288,1630512821),
	(289,1630512828),
	(290,1630512834),
	(291,1630512840),
	(292,1630512847),
	(293,1630512853),
	(294,1630512860),
	(295,1630512867),
	(296,1630512873),
	(297,1630512880),
	(298,1630512886),
	(299,1630512893),
	(300,1630512899),
	(301,1630512906),
	(302,1630512913),
	(303,1630512919),
	(304,1630512926),
	(305,1630512932),
	(306,1630512939),
	(307,1630512945),
	(308,1630512952),
	(309,1630512958),
	(310,1630512965),
	(311,1630512971),
	(312,1630512978),
	(313,1630512984),
	(314,1630512991),
	(315,1630512997),
	(316,1630513045),
	(317,1630513051),
	(318,1630513058),
	(319,1630513064),
	(320,1630513071),
	(321,1630513077),
	(322,1630513084),
	(323,1630513090),
	(324,1630513097),
	(325,1630513103),
	(326,1630513109),
	(327,1630513116),
	(328,1630513122),
	(329,1630513129),
	(330,1630513135),
	(331,1630513142),
	(332,1630513148),
	(333,1630513155),
	(334,1630513161),
	(335,1630513167),
	(336,1630513174),
	(337,1630513180),
	(338,1630513187),
	(339,1630513193),
	(340,1630513200),
	(341,1630513206),
	(342,1630513212),
	(343,1630513219),
	(344,1630513225),
	(345,1630513232),
	(346,1630513238),
	(347,1630513245),
	(348,1630513251),
	(349,1630513257),
	(350,1630513264),
	(351,1630513270),
	(352,1630513277),
	(353,1630513283),
	(354,1630513290),
	(355,1630513296),
	(356,1630513303),
	(357,1630513310),
	(358,1630513316),
	(359,1630513323),
	(360,1630513329),
	(361,1630513336),
	(362,1630513342),
	(363,1630513349),
	(364,1630513355),
	(365,1630513361),
	(366,1630513368),
	(367,1630513374),
	(368,1630513381),
	(369,1630513387),
	(370,1630513393),
	(371,1630513400),
	(372,1630513406),
	(373,1630513413),
	(374,1630513419),
	(375,1630513426),
	(376,1630513432),
	(377,1630513439),
	(378,1630513445),
	(379,1630513452),
	(380,1630513458),
	(381,1630513464),
	(382,1630513471),
	(383,1630513477),
	(384,1630513484),
	(385,1630513490),
	(386,1630513497),
	(387,1630513503),
	(388,1630513509),
	(389,1630513516),
	(390,1630513522),
	(391,1630513529),
	(392,1630513535),
	(393,1630513542),
	(394,1630513548),
	(395,1630513555),
	(396,1630513561),
	(397,1630513568),
	(398,1630513574),
	(399,1630513581),
	(400,1630513587),
	(401,1630513594),
	(402,1630513600),
	(403,1630513607),
	(404,1630513613),
	(405,1630513620),
	(406,1630513626),
	(407,1630513632),
	(408,1630513639),
	(409,1630513645),
	(410,1630513652),
	(411,1630513658),
	(412,1630513664),
	(413,1630513671),
	(414,1630513677),
	(415,1630513684),
	(416,1630513690),
	(417,1630513697),
	(418,1630513703),
	(419,1630513710),
	(420,1630513716),
	(421,1630513722),
	(422,1630513729),
	(423,1630513735),
	(424,1630513742),
	(425,1630513748),
	(426,1630513755),
	(427,1630513761),
	(428,1630513768),
	(429,1630513774),
	(430,1630513780),
	(431,1630513787),
	(432,1630513793),
	(433,1630513799),
	(434,1630513806),
	(435,1630513812),
	(436,1630513819),
	(437,1630513825),
	(438,1630513832),
	(439,1630513838),
	(440,1630513844),
	(441,1630513851),
	(442,1630513857),
	(443,1630513864),
	(444,1630513870),
	(445,1630513876),
	(446,1630513883),
	(447,1630513889),
	(448,1630513896),
	(449,1630513902),
	(450,1630513909),
	(451,1630513915),
	(452,1630513921),
	(453,1630513928),
	(454,1630513934),
	(455,1630513941),
	(456,1630513947),
	(457,1630513954),
	(458,1630513960),
	(459,1630513966),
	(460,1630513973),
	(461,1630513979),
	(462,1630513986),
	(463,1630513992),
	(464,1630513998),
	(465,1630514005),
	(466,1630514011),
	(467,1630514018),
	(468,1630514024),
	(469,1630514031),
	(470,1630514037),
	(471,1630514044),
	(472,1630514050),
	(473,1630514056),
	(474,1630514063),
	(475,1630514069),
	(476,1630514076),
	(477,1630514082),
	(478,1630514089),
	(479,1630514095),
	(480,1630514102),
	(481,1630514108),
	(482,1630514114),
	(483,1630514121),
	(484,1630514127),
	(485,1630514134),
	(486,1630514140),
	(487,1630514147),
	(488,1630514153),
	(489,1630514160),
	(490,1630514166),
	(491,1630514172),
	(492,1630514179),
	(493,1630514185),
	(494,1630514192),
	(495,1630514198),
	(496,1630514205),
	(497,1630514211),
	(498,1630514217),
	(499,1630514224),
	(500,1630514230),
	(501,1630514237),
	(502,1630514243),
	(503,1630514249),
	(504,1630514256),
	(505,1630514262),
	(506,1630514269),
	(507,1630514275),
	(508,1630514282),
	(509,1630514288),
	(510,1630514294),
	(511,1630514301),
	(512,1630514308),
	(513,1630514314),
	(514,1630514320),
	(515,1630514327),
	(516,1630514333),
	(517,1630514340),
	(518,1630514346),
	(519,1630514352),
	(520,1630514359),
	(521,1630514365),
	(522,1630514372),
	(523,1630514378),
	(524,1630514385),
	(525,1630514391),
	(526,1630514398),
	(527,1630514404),
	(528,1630514414),
	(529,1630514420),
	(530,1630514426),
	(531,1630514433),
	(532,1630514440),
	(533,1630514446),
	(534,1630514453),
	(535,1630514459),
	(536,1630514465),
	(537,1630514472),
	(538,1630514478),
	(539,1630514485),
	(540,1630514491),
	(541,1630514498),
	(542,1630514504),
	(543,1630514511),
	(544,1630514517),
	(545,1630514524),
	(546,1630514530),
	(547,1630514536),
	(548,1630514543),
	(549,1630514549),
	(550,1630514556),
	(551,1630514562),
	(552,1630514569),
	(553,1630514575),
	(554,1630514582),
	(555,1630514588),
	(556,1630514594),
	(557,1630514601),
	(558,1630514607),
	(559,1630514614),
	(560,1630514621),
	(561,1630514627),
	(562,1630514634),
	(563,1630514640),
	(564,1630514647),
	(565,1630514653),
	(566,1630514660),
	(567,1630514666),
	(568,1630514673),
	(569,1630514679),
	(570,1630514685),
	(571,1630514692),
	(572,1630514698),
	(573,1630514705),
	(574,1630514711),
	(575,1630514717),
	(576,1630514724),
	(577,1630514730),
	(578,1630514737),
	(579,1630514743),
	(580,1630514749),
	(581,1630514756),
	(582,1630514762),
	(583,1630514768),
	(584,1630514775),
	(585,1630514781),
	(586,1630514788),
	(587,1630514794),
	(588,1630514800),
	(589,1630514807),
	(590,1630514814),
	(591,1630514820),
	(592,1630514827),
	(593,1630514833),
	(594,1630514839),
	(595,1630514846),
	(596,1630514852),
	(597,1630514859),
	(598,1630514865),
	(599,1630514872),
	(600,1630514878),
	(601,1630514885),
	(602,1630514891),
	(603,1630514898),
	(604,1630514904),
	(605,1630514911),
	(606,1630514917),
	(607,1630514924),
	(608,1630514930),
	(609,1630514936),
	(610,1630514943),
	(611,1630514949),
	(612,1630514956),
	(613,1630514962),
	(614,1630514969),
	(615,1630514975),
	(616,1630585131),
	(617,1630585137),
	(618,1630585143),
	(619,1630585149),
	(620,1630585156),
	(621,1630585162),
	(622,1630585168),
	(623,1630585174),
	(624,1630585180),
	(625,1630585186),
	(626,1630585192),
	(627,1630585198),
	(628,1630585204),
	(629,1630585210),
	(630,1630585216),
	(631,1630585222),
	(632,1630585229),
	(633,1630585235),
	(634,1630585241),
	(635,1630585247),
	(636,1630585253),
	(637,1630585259),
	(638,1630585265),
	(639,1630585271),
	(640,1630585277),
	(641,1630585283),
	(642,1630585290),
	(643,1630585296),
	(644,1630585302),
	(645,1630585308),
	(646,1630585314),
	(647,1630585320),
	(648,1630585326),
	(649,1630585395),
	(650,1630585401),
	(651,1630585407),
	(652,1630585413),
	(653,1630585420),
	(654,1630585426),
	(655,1630585432),
	(656,1630585438),
	(657,1630585444),
	(658,1630585450),
	(659,1630585456),
	(660,1630585462),
	(661,1630585468),
	(662,1630585474),
	(663,1630585481),
	(664,1630585487),
	(665,1630585493),
	(666,1630585499),
	(667,1630585505),
	(668,1630585511),
	(669,1630585517),
	(670,1630585523),
	(671,1630585529),
	(672,1630585535),
	(673,1630585541),
	(674,1630585547),
	(675,1630585554),
	(676,1630585560),
	(677,1630585566),
	(678,1630585572),
	(679,1630585578),
	(680,1630585584),
	(681,1630585590),
	(682,1630585596),
	(683,1630585602),
	(684,1630585608),
	(685,1630585614),
	(686,1630585620),
	(687,1630585626),
	(688,1630585633),
	(689,1630585639),
	(690,1630585645),
	(691,1630585651),
	(692,1630585657),
	(693,1630585663),
	(694,1630585669),
	(695,1630585675),
	(696,1630585681),
	(697,1630585687),
	(698,1630585693),
	(699,1630585699),
	(700,1630585705),
	(701,1630585711),
	(702,1630585717),
	(703,1630585723),
	(704,1630585730),
	(705,1630585736),
	(706,1630585742),
	(707,1630585748),
	(708,1630585754),
	(709,1630585760),
	(710,1630585766),
	(711,1630585772),
	(712,1630585778),
	(713,1630585784),
	(714,1630585790),
	(715,1630585796),
	(716,1630585802),
	(717,1630585808),
	(718,1630585815),
	(719,1630585821),
	(720,1630585827),
	(721,1630585833),
	(722,1630585839),
	(723,1630585845),
	(724,1630585851),
	(725,1630585857),
	(726,1630585863),
	(727,1630585869),
	(728,1630585875),
	(729,1630585881),
	(730,1630585887),
	(731,1630585893),
	(732,1630585899),
	(733,1630585905),
	(734,1630585911),
	(735,1630585917),
	(736,1630585924),
	(737,1630585930),
	(738,1630585936),
	(739,1630585942),
	(740,1630585948),
	(741,1630585954),
	(742,1630585960),
	(743,1630585966),
	(744,1630585972),
	(745,1630585978),
	(746,1630585984),
	(747,1630585990),
	(748,1630585996),
	(749,1630586002),
	(750,1630586008),
	(751,1630586014),
	(752,1630586020),
	(753,1630586027),
	(754,1630586032),
	(755,1630586039),
	(756,1630586045),
	(757,1630586051),
	(758,1630586057),
	(759,1630586063),
	(760,1630586069),
	(761,1630586075),
	(762,1630586081),
	(763,1630586087),
	(764,1630586093),
	(765,1630586099),
	(766,1630586105),
	(767,1630586111),
	(768,1630586118),
	(769,1630586124),
	(770,1630586130),
	(771,1630586136),
	(772,1630586142),
	(773,1630586148),
	(774,1630586154),
	(775,1630586160),
	(776,1630586166),
	(777,1630586172),
	(778,1630586178),
	(779,1630586184),
	(780,1630586190),
	(781,1630586196),
	(782,1630586202),
	(783,1630586208),
	(784,1630586214),
	(785,1630586220),
	(786,1630586602),
	(787,1630586603),
	(788,1630586604),
	(789,1630586605),
	(790,1630586606),
	(791,1630586607),
	(792,1630586608),
	(793,1630586609),
	(794,1630586610),
	(795,1630586867),
	(796,1630586868),
	(797,1630586869),
	(798,1630586870),
	(799,1630586871),
	(800,1630586872),
	(801,1630586873),
	(802,1630586874),
	(803,1630586875),
	(804,1630586876),
	(805,1630586877),
	(806,1630586878),
	(807,1630586879),
	(808,1630586880),
	(809,1630586881),
	(810,1630586882),
	(811,1630586883),
	(812,1630586884),
	(813,1630586885),
	(814,1630586886),
	(815,1630586887),
	(816,1630586888),
	(817,1630586889),
	(818,1630586890),
	(819,1630586891),
	(820,1630586892),
	(821,1630586893),
	(822,1630586894),
	(823,1630586895),
	(824,1630586896),
	(825,1630586897),
	(826,1630586919),
	(827,1630586925),
	(828,1630586930),
	(829,1630586935),
	(830,1630586940),
	(831,1630586945),
	(832,1630586951),
	(833,1630586956),
	(834,1630586961),
	(835,1630586966),
	(836,1630586971),
	(837,1630586977),
	(838,1630586982),
	(839,1630586987),
	(840,1630586992),
	(841,1630586998),
	(842,1630587003),
	(843,1630587008),
	(844,1630587013),
	(845,1630587075),
	(846,1630587076),
	(847,1630587077),
	(848,1630587078),
	(849,1630587079),
	(850,1630587080),
	(851,1630587081),
	(852,1630587082),
	(853,1630587083),
	(854,1630587084),
	(855,1630587085),
	(856,1630587086),
	(857,1630587087),
	(858,1630587088),
	(859,1630587089),
	(860,1630587090),
	(861,1630587091),
	(862,1630587092),
	(863,1630587093),
	(864,1630587094),
	(865,1630587095),
	(866,1630587096),
	(867,1630587097),
	(868,1630587098),
	(869,1630587099),
	(870,1630587100),
	(871,1630587101),
	(872,1630587102),
	(873,1630587103),
	(874,1630587104),
	(875,1630587105),
	(876,1630587106),
	(877,1630587107),
	(878,1630587108),
	(879,1630587109),
	(880,1630587110),
	(881,1630587111),
	(882,1630587112),
	(883,1630587113),
	(884,1630587114),
	(885,1630587115),
	(886,1630587116),
	(887,1630587117),
	(888,1630587118),
	(889,1630587119),
	(890,1630587120),
	(891,1630587121),
	(892,1630587122),
	(893,1630587123),
	(894,1630587124),
	(895,1630587125),
	(896,1630587126),
	(897,1630587127),
	(898,1630587128),
	(899,1630587129),
	(900,1630587130),
	(901,1630587131),
	(902,1630587132),
	(903,1630587133),
	(904,1630587134),
	(905,1630587135),
	(906,1630587136),
	(907,1630587137),
	(908,1630587138),
	(909,1630587139),
	(910,1630587140),
	(911,1630587141),
	(912,1630587142),
	(913,1630587143),
	(914,1630587144),
	(915,1630587145),
	(916,1630587146),
	(917,1630587147),
	(918,1630587148),
	(919,1630587149),
	(920,1630587150),
	(921,1630587151),
	(922,1630587152),
	(923,1630587153),
	(924,1630587154),
	(925,1630587155),
	(926,1630587156),
	(927,1630587157),
	(928,1630587158),
	(929,1630587159),
	(930,1630587160),
	(931,1630587161),
	(932,1630587162),
	(933,1630587163),
	(934,1630587164),
	(935,1630587165),
	(936,1630587166),
	(937,1630587167),
	(938,1630587168),
	(939,1630587169),
	(940,1630587170),
	(941,1630587171),
	(942,1630587172),
	(943,1630587173),
	(944,1630587174),
	(945,1630587175),
	(946,1630587176),
	(947,1630587177),
	(948,1630587178),
	(949,1630587179),
	(950,1630587180),
	(951,1630587181),
	(952,1630587182),
	(953,1630587183),
	(954,1630587184),
	(955,1630587185),
	(956,1630587186),
	(957,1630587187),
	(958,1630587188),
	(959,1630587189),
	(960,1630587190),
	(961,1630587191),
	(962,1630587192),
	(963,1630587193),
	(964,1630587194),
	(965,1630587195),
	(966,1630587196),
	(967,1630587197),
	(968,1630587198),
	(969,1630587199),
	(970,1630587200),
	(971,1630587201),
	(972,1630587202),
	(973,1630587203),
	(974,1630587204),
	(975,1630587205),
	(976,1630587206),
	(977,1630587207),
	(978,1630587208),
	(979,1630587209),
	(980,1630587210),
	(981,1630587211),
	(982,1630587212),
	(983,1630587213),
	(984,1630587214),
	(985,1630587215),
	(986,1630587216),
	(987,1630587217),
	(988,1630587218),
	(989,1630587219),
	(990,1630587220),
	(991,1630587221),
	(992,1630587222),
	(993,1630587223),
	(994,1630587224),
	(995,1630587225),
	(996,1630587226),
	(997,1630587227),
	(998,1630587228),
	(999,1630587229),
	(1000,1630587230),
	(1001,1630587231),
	(1002,1630587232),
	(1003,1630587233),
	(1004,1630587234),
	(1005,1630587235),
	(1006,1630587236),
	(1007,1630587237),
	(1008,1630587238),
	(1009,1630587239),
	(1010,1630587240),
	(1011,1630587241),
	(1012,1630587242),
	(1013,1630587243),
	(1014,1630587244),
	(1015,1630587245),
	(1016,1630587246),
	(1017,1630587247),
	(1018,1630587248),
	(1019,1630587249),
	(1020,1630587250),
	(1021,1630587251),
	(1022,1630587252),
	(1023,1630587253),
	(1024,1630587254),
	(1025,1630587255),
	(1026,1630587256),
	(1027,1630587257),
	(1028,1630587258),
	(1029,1630587259),
	(1030,1630587260),
	(1031,1630587261),
	(1032,1630587262),
	(1033,1630587263),
	(1034,1630587264),
	(1035,1630587265),
	(1036,1630587266),
	(1037,1630587267),
	(1038,1630587268),
	(1039,1630587269),
	(1040,1630587270),
	(1041,1630587271),
	(1042,1630587272),
	(1043,1630587273),
	(1044,1630587274),
	(1045,1630587275),
	(1046,1630587276),
	(1047,1630587277),
	(1048,1630587278),
	(1049,1630587279),
	(1050,1630587280),
	(1051,1630587281),
	(1052,1630587282),
	(1053,1630587283),
	(1054,1630587284),
	(1055,1630587285),
	(1056,1630587286),
	(1057,1630587287),
	(1058,1630587288),
	(1059,1630587289),
	(1060,1630587290),
	(1061,1630587291),
	(1062,1630587292),
	(1063,1630587293),
	(1064,1630587294),
	(1065,1630587295),
	(1066,1630587296),
	(1067,1630587297),
	(1068,1630587298),
	(1069,1630587299),
	(1070,1630587300),
	(1071,1630587301),
	(1072,1630587302),
	(1073,1630587303),
	(1074,1630587304),
	(1075,1630587305),
	(1076,1630587306),
	(1077,1630587307),
	(1078,1630587308),
	(1079,1630587309),
	(1080,1630587310),
	(1081,1630587311),
	(1082,1630587312),
	(1083,1630587313),
	(1084,1630587314),
	(1085,1630587315),
	(1086,1630587316),
	(1087,1630587317),
	(1088,1630587318),
	(1089,1630587319),
	(1090,1630587320),
	(1091,1630587321),
	(1092,1630587322),
	(1093,1630587323),
	(1094,1630587324),
	(1095,1630587325),
	(1096,1630587326),
	(1097,1630587327),
	(1098,1630587328),
	(1099,1630587329),
	(1100,1630587330),
	(1101,1630587331),
	(1102,1630587332),
	(1103,1630587333),
	(1104,1630587334),
	(1105,1630587335),
	(1106,1630587336),
	(1107,1630587337),
	(1108,1630587338),
	(1109,1630587339),
	(1110,1630587340),
	(1111,1630587341),
	(1112,1630587342),
	(1113,1630587343),
	(1114,1630587344),
	(1115,1630587345),
	(1116,1630587346),
	(1117,1630587347),
	(1118,1630587348),
	(1119,1630587349),
	(1120,1630587350),
	(1121,1630587351),
	(1122,1630587352),
	(1123,1630587353),
	(1124,1630587354),
	(1125,1630587355),
	(1126,1630587356),
	(1127,1630587357),
	(1128,1630587358),
	(1129,1630587359),
	(1130,1630587360),
	(1131,1630587361),
	(1132,1630587362),
	(1133,1630587363),
	(1134,1630587364),
	(1135,1630587365),
	(1136,1630587366),
	(1137,1630587367),
	(1138,1630587368),
	(1139,1630587369),
	(1140,1630587370),
	(1141,1630587371),
	(1142,1630587372),
	(1143,1630587373),
	(1144,1630587374),
	(1145,1630587375),
	(1146,1630587376),
	(1147,1630587377),
	(1148,1630587378),
	(1149,1630587379),
	(1150,1630587380),
	(1151,1630587381),
	(1152,1630587382),
	(1153,1630587383),
	(1154,1630587384),
	(1155,1630587385),
	(1156,1630587386),
	(1157,1630587387),
	(1158,1630587388),
	(1159,1630587389),
	(1160,1630587390),
	(1161,1630587391),
	(1162,1630587392),
	(1163,1630587393),
	(1164,1630587394),
	(1165,1630587395),
	(1166,1630587396),
	(1167,1630587397),
	(1168,1630587398),
	(1169,1630587399),
	(1170,1630587400),
	(1171,1630587401),
	(1172,1630587402),
	(1173,1630587403),
	(1174,1630587404),
	(1175,1630587405),
	(1176,1630587480),
	(1177,1630587485),
	(1178,1630587490),
	(1179,1630587496),
	(1180,1630587501),
	(1181,1630587506),
	(1182,1630587511),
	(1183,1630587516),
	(1184,1630587522),
	(1185,1630587527),
	(1186,1630587532),
	(1187,1630587537),
	(1188,1630587543),
	(1189,1630587548),
	(1190,1630587553),
	(1191,1630587558),
	(1192,1630587563),
	(1193,1630587569),
	(1194,1630587574),
	(1195,1630587579),
	(1196,1630587584),
	(1197,1630587589),
	(1198,1630587595),
	(1199,1630587600),
	(1200,1630587605),
	(1201,1630587610),
	(1202,1630587616),
	(1203,1630587621),
	(1204,1630587626),
	(1205,1630587631),
	(1206,1630587636),
	(1207,1630587642),
	(1208,1630587647),
	(1209,1630587652),
	(1210,1630587657),
	(1211,1630587663),
	(1212,1630587668),
	(1213,1630587673),
	(1214,1630587678),
	(1215,1630587683),
	(1216,1630587689),
	(1217,1630587694),
	(1218,1630587699),
	(1219,1630587705),
	(1220,1630587710),
	(1221,1630587715),
	(1222,1630587720),
	(1223,1630587726),
	(1224,1630587731),
	(1225,1630587736),
	(1226,1630587741),
	(1227,1630587746),
	(1228,1630587752),
	(1229,1630587757),
	(1230,1630587762),
	(1231,1630587767),
	(1232,1630587773),
	(1233,1630587778),
	(1234,1630587783),
	(1235,1630587788),
	(1236,1630587794),
	(1237,1630587799),
	(1238,1630587804),
	(1239,1630587809),
	(1240,1630587815),
	(1241,1630587820),
	(1242,1630587825),
	(1243,1630587830),
	(1244,1630587835),
	(1245,1630587841),
	(1246,1630587846),
	(1247,1630587851),
	(1248,1630587856),
	(1249,1630587862),
	(1250,1630587867),
	(1251,1630587872),
	(1252,1630587877),
	(1253,1630587882),
	(1254,1630587888),
	(1255,1630587893),
	(1256,1630587898),
	(1257,1630587903),
	(1258,1630587909),
	(1259,1630587914),
	(1260,1630587919),
	(1261,1630587924),
	(1262,1630587929),
	(1263,1630587935),
	(1264,1630587940),
	(1265,1630587945),
	(1266,1630587950),
	(1267,1630587956),
	(1268,1630587961),
	(1269,1630587966),
	(1270,1630587971),
	(1271,1630587976),
	(1272,1630587982),
	(1273,1630587987),
	(1274,1630587992),
	(1275,1630587997),
	(1276,1630588003),
	(1277,1630588008),
	(1278,1630588013),
	(1279,1630588018),
	(1280,1630588023),
	(1281,1630588029),
	(1282,1630588034),
	(1283,1630588039),
	(1284,1630588044),
	(1285,1630588050),
	(1286,1630588055),
	(1287,1630588060),
	(1288,1630588065),
	(1289,1630588070),
	(1290,1630588076),
	(1291,1630588081),
	(1292,1630588086),
	(1293,1630588091),
	(1294,1630588096),
	(1295,1630588102),
	(1296,1630588107),
	(1297,1630588112),
	(1298,1630588117),
	(1299,1630588123),
	(1300,1630588128),
	(1301,1630588133),
	(1302,1630588138),
	(1303,1630588143),
	(1304,1630588149),
	(1305,1630588154),
	(1306,1630588159),
	(1307,1630588164),
	(1308,1630588170),
	(1309,1630588175),
	(1310,1630588180),
	(1311,1630588185),
	(1312,1630588190),
	(1313,1630588196),
	(1314,1630588201),
	(1315,1630588206),
	(1316,1630588211),
	(1317,1630588216),
	(1318,1630588222),
	(1319,1630588227),
	(1320,1630588232),
	(1321,1630588237),
	(1322,1630588243),
	(1323,1630588248),
	(1324,1630588253),
	(1325,1630588258),
	(1326,1630588263),
	(1327,1630588268),
	(1328,1630588274),
	(1329,1630588279),
	(1330,1630588284),
	(1331,1630588289),
	(1332,1630588295),
	(1333,1630588300),
	(1334,1630588305),
	(1335,1630588310),
	(1336,1630588315),
	(1337,1630588321),
	(1338,1630588326),
	(1339,1630588331),
	(1340,1630588336),
	(1341,1630588341),
	(1342,1630588347),
	(1343,1630588352),
	(1344,1630588357),
	(1345,1630588362),
	(1346,1630588367),
	(1347,1630588373),
	(1348,1630588378),
	(1349,1630588383),
	(1350,1630588388),
	(1351,1630588394),
	(1352,1630588399),
	(1353,1630588404),
	(1354,1630588409),
	(1355,1630588414),
	(1356,1630588420),
	(1357,1630588425),
	(1358,1630588430),
	(1359,1630588435),
	(1360,1630588440),
	(1361,1630588446),
	(1362,1630588451),
	(1363,1630588456),
	(1364,1630588461),
	(1365,1630588467),
	(1366,1630588472),
	(1367,1630588477),
	(1368,1630588482),
	(1369,1630588487),
	(1370,1630588492),
	(1371,1630588498),
	(1372,1630588503),
	(1373,1630588508),
	(1374,1630588513),
	(1375,1630588519),
	(1376,1630588524),
	(1377,1630588529),
	(1378,1630588534),
	(1379,1630588539),
	(1380,1630588545),
	(1381,1630588550),
	(1382,1630588555),
	(1383,1630588560),
	(1384,1630588565),
	(1385,1630588733),
	(1386,1630588738),
	(1387,1630588744),
	(1388,1630588749),
	(1389,1630588754),
	(1390,1630588759),
	(1391,1630588784),
	(1392,1630588790),
	(1393,1630588795),
	(1394,1630588800),
	(1395,1630588805),
	(1396,1630588813),
	(1397,1630588818),
	(1398,1630588824),
	(1399,1630588829),
	(1400,1630588834),
	(1401,1630588839),
	(1402,1630588844),
	(1403,1630588850),
	(1404,1630588855),
	(1405,1630588860),
	(1406,1630588865),
	(1407,1630588870),
	(1408,1630588876),
	(1409,1630589761),
	(1410,1630589766),
	(1411,1630589771),
	(1412,1630589776),
	(1413,1630589782),
	(1414,1630589787),
	(1415,1630589792),
	(1416,1630589815),
	(1417,1630589820),
	(1418,1630589825),
	(1419,1630589830),
	(1420,1630589836),
	(1421,1630589841),
	(1422,1630589846),
	(1423,1630589851),
	(1424,1630589856),
	(1425,1630589862),
	(1426,1630589867),
	(1427,1630589872),
	(1428,1630589877),
	(1429,1630589883),
	(1430,1630589888),
	(1431,1630589893),
	(1432,1630589910),
	(1433,1630589915),
	(1434,1630589920),
	(1435,1630589926),
	(1436,1630589953),
	(1437,1630589958),
	(1438,1630589963),
	(1439,1630589981),
	(1440,1630589986),
	(1441,1630589992),
	(1442,1630589997),
	(1443,1630590002),
	(1444,1630590007),
	(1445,1630590012),
	(1446,1630590018),
	(1447,1630590036),
	(1448,1630590041),
	(1449,1630590046),
	(1450,1630590051),
	(1451,1630590057),
	(1452,1630590083),
	(1453,1630590088),
	(1454,1630590093),
	(1455,1630590098),
	(1456,1630590104),
	(1457,1630590109),
	(1458,1630590114),
	(1459,1630590132),
	(1460,1630590137),
	(1461,1630590142),
	(1462,1630590147),
	(1463,1630590153),
	(1464,1630590158),
	(1465,1630590163),
	(1466,1630590168),
	(1467,1630590173),
	(1468,1630590179),
	(1469,1630590184),
	(1470,1630590189),
	(1471,1630590194),
	(1472,1630590199),
	(1473,1630590205),
	(1474,1630590210),
	(1475,1630590215),
	(1476,1630590220),
	(1477,1630590225),
	(1478,1630590231),
	(1479,1630590236),
	(1480,1630590241),
	(1481,1630590246),
	(1482,1630590251),
	(1483,1630590257),
	(1484,1630590262),
	(1485,1630590267),
	(1486,1630590272),
	(1487,1630590277),
	(1488,1630590283),
	(1489,1630590288),
	(1490,1630590293),
	(1491,1630590298),
	(1492,1630590304),
	(1493,1630590309),
	(1494,1630590314),
	(1495,1630590319),
	(1496,1630590324),
	(1497,1630590330),
	(1498,1630590335),
	(1499,1630590354),
	(1500,1630590359),
	(1501,1630590364),
	(1502,1630590370),
	(1503,1630590375),
	(1504,1630590380),
	(1505,1630590386),
	(1506,1630590391),
	(1507,1630590396),
	(1508,1630590401),
	(1509,1630590406),
	(1510,1630590412),
	(1511,1630590417),
	(1512,1630590422),
	(1513,1630590427),
	(1514,1630590433),
	(1515,1630590438),
	(1516,1630590443),
	(1517,1630590448),
	(1518,1630590453),
	(1519,1630590459),
	(1520,1630590464),
	(1521,1630590469),
	(1522,1630590474),
	(1523,1630590479),
	(1524,1630590485),
	(1525,1630590490),
	(1526,1630590495),
	(1527,1630590500),
	(1528,1630590505),
	(1529,1630590511),
	(1530,1630590516),
	(1531,1630590521),
	(1532,1630590526),
	(1533,1630590532),
	(1534,1630590537),
	(1535,1630590562),
	(1536,1630590567),
	(1537,1630590573),
	(1538,1630590578),
	(1539,1630590583),
	(1540,1630590598),
	(1541,1630590603),
	(1542,1630590609),
	(1543,1630590614),
	(1544,1630590619),
	(1545,1630590624),
	(1546,1630590629),
	(1547,1630590635),
	(1548,1630590640),
	(1549,1630590645),
	(1550,1630590650),
	(1551,1630590656),
	(1552,1630590661),
	(1553,1630590666),
	(1554,1630590671),
	(1555,1630590676),
	(1556,1630590682),
	(1557,1630590687),
	(1558,1630590692),
	(1559,1630590697),
	(1560,1630590703),
	(1561,1630590708),
	(1562,1630590713),
	(1563,1630590718),
	(1564,1630590723),
	(1565,1630590729),
	(1566,1630590734),
	(1567,1630590739),
	(1568,1630590744),
	(1569,1630590750),
	(1570,1630590755),
	(1571,1630590760),
	(1572,1630590765),
	(1573,1630590770),
	(1574,1630590776),
	(1575,1630590781),
	(1576,1630590786),
	(1577,1630590791),
	(1578,1630590796),
	(1579,1630590802),
	(1580,1630590807),
	(1581,1630590812),
	(1582,1630590817),
	(1583,1630590823),
	(1584,1630590828),
	(1585,1630590833),
	(1586,1630590838),
	(1587,1630590844),
	(1588,1630590849),
	(1589,1630590854),
	(1590,1630590859),
	(1591,1630590864),
	(1592,1630590870),
	(1593,1630590875),
	(1594,1630590880),
	(1595,1630590885),
	(1596,1630590891),
	(1597,1630590896),
	(1598,1630590901),
	(1599,1630590906),
	(1600,1630590911),
	(1601,1630590917),
	(1602,1630590922),
	(1603,1630590927),
	(1604,1630590932),
	(1605,1630590938),
	(1606,1630590943),
	(1607,1630590948),
	(1608,1630590953),
	(1609,1630590959),
	(1610,1630590964),
	(1611,1630590969),
	(1612,1630590974),
	(1613,1630590980),
	(1614,1630590985),
	(1615,1630590990),
	(1616,1630590995),
	(1617,1630591000),
	(1618,1630591006),
	(1619,1630591011),
	(1620,1630591016),
	(1621,1630591021),
	(1622,1630591026),
	(1623,1630591032),
	(1624,1630591037),
	(1625,1630591042),
	(1626,1630591047),
	(1627,1630591053),
	(1628,1630591058),
	(1629,1630591063),
	(1630,1630591068),
	(1631,1630591073),
	(1632,1630591079),
	(1633,1630591084),
	(1634,1630591089),
	(1635,1630591094),
	(1636,1630591099),
	(1637,1630591105),
	(1638,1630591110),
	(1639,1630591115),
	(1640,1630591120),
	(1641,1630591125),
	(1642,1630591130),
	(1643,1630591136),
	(1644,1630591141),
	(1645,1630591146),
	(1646,1630591151),
	(1647,1630591157),
	(1648,1630591162),
	(1649,1630591167),
	(1650,1630591172),
	(1651,1630591178),
	(1652,1630591183),
	(1653,1630591188),
	(1654,1630591193),
	(1655,1630591198),
	(1656,1630591204),
	(1657,1630591209),
	(1658,1630591214),
	(1659,1630591219),
	(1660,1630591224),
	(1661,1630591230),
	(1662,1630591235),
	(1663,1630591240),
	(1664,1630591245),
	(1665,1630591250),
	(1666,1630591256),
	(1667,1630591261),
	(1668,1630591266),
	(1669,1630591271),
	(1670,1630591277),
	(1671,1630591282),
	(1672,1630591287),
	(1673,1630591292),
	(1674,1630591297),
	(1675,1630591303),
	(1676,1630591308),
	(1677,1630591313),
	(1678,1630591318),
	(1679,1630591323),
	(1680,1630591329),
	(1681,1630591334),
	(1682,1630591339),
	(1683,1630591344),
	(1684,1630591349),
	(1685,1630591355),
	(1686,1630591360),
	(1687,1630591365),
	(1688,1630591370),
	(1689,1630591376),
	(1690,1630591381),
	(1691,1630591386),
	(1692,1630591391),
	(1693,1630591396),
	(1694,1630591402),
	(1695,1630591407),
	(1696,1630591412),
	(1697,1630591417),
	(1698,1630591422),
	(1699,1630591428),
	(1700,1630591433),
	(1701,1630591438),
	(1702,1630591443),
	(1703,1630591448),
	(1704,1630591454),
	(1705,1630591459),
	(1706,1630591464),
	(1707,1630591469),
	(1708,1630591475),
	(1709,1630591480),
	(1710,1630591485),
	(1711,1630591490),
	(1712,1630591495),
	(1713,1630591501),
	(1714,1630591506),
	(1715,1630591511),
	(1716,1630591516),
	(1717,1630591522),
	(1718,1630591527),
	(1719,1630591532),
	(1720,1630591537),
	(1721,1630591542),
	(1722,1630591548),
	(1723,1630591553),
	(1724,1630591558),
	(1725,1630591563),
	(1726,1630591569),
	(1727,1630591574),
	(1728,1630591579),
	(1729,1630591584),
	(1730,1630591589),
	(1731,1630591595),
	(1732,1630591600),
	(1733,1630591605),
	(1734,1630591610),
	(1735,1630591616),
	(1736,1630591621),
	(1737,1630591626),
	(1738,1630591631),
	(1739,1630591637),
	(1740,1630591642),
	(1741,1630591647),
	(1742,1630591652),
	(1743,1630591658),
	(1744,1630591663),
	(1745,1630591668),
	(1746,1630591674),
	(1747,1630591679),
	(1748,1630591684),
	(1749,1630591689),
	(1750,1630591695),
	(1751,1630591700),
	(1752,1630591705),
	(1753,1630591710),
	(1754,1630591715),
	(1755,1630591721),
	(1756,1630591726),
	(1757,1630591731),
	(1758,1630591736),
	(1759,1630591742),
	(1760,1630591747),
	(1761,1630591752),
	(1762,1630591757),
	(1763,1630591762),
	(1764,1630591768),
	(1765,1630591773),
	(1766,1630591778),
	(1767,1630591783),
	(1768,1630591789),
	(1769,1630591794),
	(1770,1630591799),
	(1771,1630591804),
	(1772,1630591810),
	(1773,1630591815),
	(1774,1630591820),
	(1775,1630591825),
	(1776,1630591830),
	(1777,1630591836),
	(1778,1630591841),
	(1779,1630591846),
	(1780,1630591851),
	(1781,1630591856),
	(1782,1630591862),
	(1783,1630591867),
	(1784,1630591872),
	(1785,1630591877),
	(1786,1630591883),
	(1787,1630591888),
	(1788,1630591893),
	(1789,1630591898),
	(1790,1630591903),
	(1791,1630591909),
	(1792,1630591914),
	(1793,1630591919),
	(1794,1630591924),
	(1795,1630591930),
	(1796,1630591935),
	(1797,1630591940),
	(1798,1630591945),
	(1799,1630591950),
	(1800,1630591956),
	(1801,1630591961),
	(1802,1630591966),
	(1803,1630591971),
	(1804,1630591976),
	(1805,1630591982),
	(1806,1630591987),
	(1807,1630591992),
	(1808,1630591997),
	(1809,1630592002),
	(1810,1630592008),
	(1811,1630592013),
	(1812,1630592018),
	(1813,1630592023),
	(1814,1630592029),
	(1815,1630592034),
	(1816,1630592039),
	(1817,1630592044),
	(1818,1630592050),
	(1819,1630592055),
	(1820,1630592060),
	(1821,1630592065),
	(1822,1630592070),
	(1823,1630592076),
	(1824,1630592081),
	(1825,1630592086),
	(1826,1630592091),
	(1827,1630592096),
	(1828,1630592102),
	(1829,1630592107),
	(1830,1630592112),
	(1831,1630592117),
	(1832,1630592123),
	(1833,1630592128),
	(1834,1630592133),
	(1835,1630592138),
	(1836,1630592143),
	(1837,1630592149),
	(1838,1630592154),
	(1839,1630592159),
	(1840,1630592164),
	(1841,1630592170),
	(1842,1630592175),
	(1843,1630592180),
	(1844,1630592185),
	(1845,1630592191),
	(1846,1630592196),
	(1847,1630592201),
	(1848,1630592206),
	(1849,1630592211),
	(1850,1630592217),
	(1851,1630592222),
	(1852,1630592227),
	(1853,1630592232),
	(1854,1630592237),
	(1855,1630592243),
	(1856,1630592248),
	(1857,1630592253),
	(1858,1630592258),
	(1859,1630592264),
	(1860,1630592269),
	(1861,1630592274),
	(1862,1630592279),
	(1863,1630592284),
	(1864,1630592290),
	(1865,1630592295),
	(1866,1630592300),
	(1867,1630592305),
	(1868,1630592310),
	(1869,1630592316),
	(1870,1630592321),
	(1871,1630592326),
	(1872,1630592331),
	(1873,1630592336),
	(1874,1630592342),
	(1875,1630592347),
	(1876,1630592352),
	(1877,1630592357),
	(1878,1630592362),
	(1879,1630592368),
	(1880,1630592373),
	(1881,1630592378),
	(1882,1630592383),
	(1883,1630592389),
	(1884,1630592394),
	(1885,1630592399),
	(1886,1630592405),
	(1887,1630592410),
	(1888,1630592415),
	(1889,1630592420),
	(1890,1630592426),
	(1891,1630592431),
	(1892,1630592436),
	(1893,1630592441),
	(1894,1630592447),
	(1895,1630592452),
	(1896,1630592457),
	(1897,1630592462),
	(1898,1630592468),
	(1899,1630592473),
	(1900,1630592478),
	(1901,1630592483),
	(1902,1630592489),
	(1903,1630592494),
	(1904,1630592499),
	(1905,1630592504),
	(1906,1630592510),
	(1907,1630592515),
	(1908,1630592520),
	(1909,1630592525),
	(1910,1630592530),
	(1911,1630592536),
	(1912,1630592541),
	(1913,1630592546),
	(1914,1630592551),
	(1915,1630592557),
	(1916,1630592562),
	(1917,1630592567),
	(1918,1630592572),
	(1919,1630592578),
	(1920,1630592583),
	(1921,1630592588),
	(1922,1630592593),
	(1923,1630592598),
	(1924,1630592604),
	(1925,1630592609),
	(1926,1630592614),
	(1927,1630592619),
	(1928,1630592624),
	(1929,1630592630),
	(1930,1630592635),
	(1931,1630592640),
	(1932,1630592645),
	(1933,1630592651),
	(1934,1630592656),
	(1935,1630592661),
	(1936,1630592666),
	(1937,1630592671),
	(1938,1630592677),
	(1939,1630592682),
	(1940,1630592687),
	(1941,1630592692),
	(1942,1630592697),
	(1943,1630592703),
	(1944,1630592708),
	(1945,1630592713),
	(1946,1630592718),
	(1947,1630592724),
	(1948,1630592729),
	(1949,1630592734),
	(1950,1630592739),
	(1951,1630592745),
	(1952,1630592750),
	(1953,1630592755),
	(1954,1630592760),
	(1955,1630592766),
	(1956,1630592771),
	(1957,1630592776),
	(1958,1630592781),
	(1959,1630592786),
	(1960,1630592792),
	(1961,1630592797),
	(1962,1630592802),
	(1963,1630592811),
	(1964,1630592817),
	(1965,1630592822),
	(1966,1630592827),
	(1967,1630592836),
	(1968,1630592841),
	(1969,1630592858),
	(1970,1630592863),
	(1971,1630592868),
	(1972,1630592874),
	(1973,1630592879),
	(1974,1630592884),
	(1975,1630593178),
	(1976,1630593183),
	(1977,1630593188),
	(1978,1630593193),
	(1979,1630593199),
	(1980,1630593204),
	(1981,1630593209),
	(1982,1630593215),
	(1983,1630593220),
	(1984,1630593225),
	(1985,1630593230),
	(1986,1630593236),
	(1987,1630593241),
	(1988,1630593246),
	(1989,1630593251),
	(1990,1630593257),
	(1991,1630593262),
	(1992,1630593267),
	(1993,1630593273),
	(1994,1630593278),
	(1995,1630593283),
	(1996,1630593288),
	(1997,1630593294),
	(1998,1630593299),
	(1999,1630593304),
	(2000,1630593309),
	(2001,1630593315),
	(2002,1630593320),
	(2003,1630593325),
	(2004,1630593331),
	(2005,1630593336),
	(2006,1630593341),
	(2007,1630593347),
	(2008,1630593352),
	(2009,1630593357),
	(2010,1630593362),
	(2011,1630593368),
	(2012,1630593373),
	(2013,1630593378),
	(2014,1630593383),
	(2015,1630593389),
	(2016,1630593394),
	(2017,1630593399),
	(2018,1630593405),
	(2019,1630593410),
	(2020,1630593415),
	(2021,1630593420),
	(2022,1630593426),
	(2023,1630593431),
	(2024,1630593436),
	(2025,1630593441),
	(2026,1630593447),
	(2027,1630593452),
	(2028,1630593457),
	(2029,1630593462),
	(2030,1630593468),
	(2031,1630593473),
	(2032,1630593478),
	(2033,1630593483),
	(2034,1630593489),
	(2035,1630593494),
	(2036,1630593499),
	(2037,1630593505),
	(2038,1630593510),
	(2039,1630593515),
	(2040,1630593520),
	(2041,1630593526),
	(2042,1630593531),
	(2043,1630593536),
	(2044,1630593542),
	(2045,1630593547),
	(2046,1630593552),
	(2047,1630593557),
	(2048,1630593563),
	(2049,1630593568),
	(2050,1630593573),
	(2051,1630593579),
	(2052,1630593584),
	(2053,1630593589),
	(2054,1630593594),
	(2055,1630593600),
	(2056,1630593605),
	(2057,1630593610),
	(2058,1630593616),
	(2059,1630593621),
	(2060,1630593626),
	(2061,1630593631),
	(2062,1630593637),
	(2063,1630593642),
	(2064,1630593647),
	(2065,1630593653),
	(2066,1630593658),
	(2067,1630593663),
	(2068,1630593668),
	(2069,1630593674),
	(2070,1630593679),
	(2071,1630593684),
	(2072,1630593690),
	(2073,1630593729),
	(2074,1630593734),
	(2075,1630593739),
	(2076,1630593744),
	(2077,1630593750),
	(2078,1630593755),
	(2079,1630593760),
	(2080,1630593766),
	(2081,1630593771),
	(2082,1630593776),
	(2083,1630593781),
	(2084,1630593787),
	(2085,1630593792),
	(2086,1630593797),
	(2087,1630593803),
	(2088,1630593808),
	(2089,1630593813),
	(2090,1630593818),
	(2091,1630593824),
	(2092,1630593829),
	(2093,1630593834),
	(2094,1630593839),
	(2095,1630593845),
	(2096,1630593850),
	(2097,1630593855),
	(2098,1630593861),
	(2099,1630593866),
	(2100,1630593871),
	(2101,1630593876),
	(2102,1630593882),
	(2103,1630593887),
	(2104,1630593892),
	(2105,1630593897),
	(2106,1630593903),
	(2107,1630593908),
	(2108,1630593913),
	(2109,1630593919),
	(2110,1630593924),
	(2111,1630593929),
	(2112,1630593935),
	(2113,1630593940),
	(2114,1630593945),
	(2115,1630593950),
	(2116,1630593956),
	(2117,1630593961),
	(2118,1630593966),
	(2119,1630593972),
	(2120,1630593977),
	(2121,1630593982),
	(2122,1630593987),
	(2123,1630593993),
	(2124,1630593998),
	(2125,1630594003),
	(2126,1630594008),
	(2127,1630594014),
	(2128,1630594019),
	(2129,1630594024),
	(2130,1630594030),
	(2131,1630594035),
	(2132,1630594040),
	(2133,1630594046),
	(2134,1630594051),
	(2135,1630594056),
	(2136,1630594061),
	(2137,1630594067),
	(2138,1630594072),
	(2139,1630594077),
	(2140,1630594083),
	(2141,1630594088),
	(2142,1630594093),
	(2143,1630594098),
	(2144,1630594104),
	(2145,1630594109),
	(2146,1630594114),
	(2147,1630594120),
	(2148,1630594125),
	(2149,1630594130),
	(2150,1630594135),
	(2151,1630594141),
	(2152,1630594146),
	(2153,1630594151),
	(2154,1630594156),
	(2155,1630594162),
	(2156,1630594199),
	(2157,1630594205),
	(2158,1630594210),
	(2159,1630594228),
	(2160,1630594233),
	(2161,1630594239),
	(2162,1630594244),
	(2163,1630594249),
	(2164,1630594999),
	(2165,1630595004),
	(2166,1630595009),
	(2167,1630595014),
	(2168,1630595020),
	(2169,1630595025),
	(2170,1630595030),
	(2171,1630595036),
	(2172,1630595041),
	(2173,1630595046),
	(2174,1630595051),
	(2175,1630595057),
	(2176,1630595062),
	(2177,1630595067),
	(2178,1630595072),
	(2179,1630595078),
	(2180,1630595083),
	(2181,1630595088),
	(2182,1630595094),
	(2183,1630595099),
	(2184,1630595104),
	(2185,1630595110),
	(2186,1630595115),
	(2187,1630595120),
	(2188,1630595125),
	(2189,1630595131),
	(2190,1630595136),
	(2191,1630595141),
	(2192,1630595147),
	(2193,1630595152),
	(2194,1630595157),
	(2195,1630595162),
	(2196,1630595168),
	(2197,1630595173),
	(2198,1630595178),
	(2199,1630595183),
	(2200,1630595189),
	(2201,1630595194),
	(2202,1630595199),
	(2203,1630595204),
	(2204,1630595210),
	(2205,1630595215),
	(2206,1630595220),
	(2207,1630595226),
	(2208,1630595231),
	(2209,1630595236),
	(2210,1630595241),
	(2211,1630595247),
	(2212,1630595252),
	(2213,1630595257),
	(2214,1630595263),
	(2215,1630595268),
	(2216,1630595285),
	(2217,1630595291),
	(2218,1630595296),
	(2219,1630595301),
	(2220,1630595720),
	(2221,1630595725),
	(2222,1630595730),
	(2223,1630595736),
	(2224,1630595741),
	(2225,1630595746),
	(2226,1630595752),
	(2227,1630595757),
	(2228,1630595774),
	(2229,1630595780),
	(2230,1630595785),
	(2231,1630595790),
	(2232,1630595796),
	(2233,1630595801),
	(2234,1630595825),
	(2235,1630595830),
	(2236,1630595836),
	(2237,1630595841),
	(2238,1630595846),
	(2239,1630595852),
	(2240,1630595857),
	(2241,1630595862),
	(2242,1630595867),
	(2243,1630595873),
	(2244,1630595878),
	(2245,1630595883),
	(2246,1630595889),
	(2247,1630595894),
	(2248,1630595899),
	(2249,1630595904),
	(2250,1630595910),
	(2251,1630595915),
	(2252,1630595920),
	(2253,1630595926),
	(2254,1630595931),
	(2255,1630595936),
	(2256,1630595942),
	(2257,1630595947),
	(2258,1630595964),
	(2259,1630595969),
	(2260,1630595975),
	(2261,1630595980),
	(2262,1630595985),
	(2263,1630596001),
	(2264,1630596006),
	(2265,1630596012),
	(2266,1630596045),
	(2267,1630596050),
	(2268,1630596056),
	(2269,1630596061),
	(2270,1630596069),
	(2271,1630596075),
	(2272,1630596080),
	(2273,1630596085),
	(2274,1630596102),
	(2275,1630596108),
	(2276,1630596113),
	(2277,1630596118),
	(2278,1630596124),
	(2279,1630596149),
	(2280,1630596155),
	(2281,1630596160),
	(2282,1630596165),
	(2283,1630596171),
	(2284,1630596176),
	(2285,1630596181),
	(2286,1630596186),
	(2287,1630596194),
	(2288,1630596200),
	(2289,1630596205),
	(2290,1630596210),
	(2291,1630596216),
	(2292,1630596221),
	(2293,1630596226),
	(2294,1630596232),
	(2295,1630596237),
	(2296,1630596242),
	(2297,1630596248),
	(2298,1630596253),
	(2299,1630596258),
	(2300,1630596264),
	(2301,1630596269),
	(2302,1630596274),
	(2303,1630596280),
	(2304,1630596285),
	(2305,1630596290),
	(2306,1630596296),
	(2307,1630596301),
	(2308,1630596306),
	(2309,1630596312),
	(2310,1630596317),
	(2311,1630596322),
	(2312,1630596328),
	(2313,1630596333),
	(2314,1630596338),
	(2315,1630596344),
	(2316,1630596349),
	(2317,1630596354),
	(2318,1630596360),
	(2319,1630596365),
	(2320,1630596370),
	(2321,1630596375),
	(2322,1630596381),
	(2323,1630596386),
	(2324,1630596391),
	(2325,1630596397),
	(2326,1630596402),
	(2327,1630596407),
	(2328,1630596413),
	(2329,1630596418),
	(2330,1630596423),
	(2331,1630596429),
	(2332,1630596434),
	(2333,1630596439),
	(2334,1630596444),
	(2335,1630596450),
	(2336,1630596455),
	(2337,1630596460),
	(2338,1630596466),
	(2339,1630596471),
	(2340,1630596476),
	(2341,1630596482),
	(2342,1630596487),
	(2343,1630596492),
	(2344,1630596498),
	(2345,1630596503),
	(2346,1630596508),
	(2347,1630596514),
	(2348,1630596519),
	(2349,1630596584),
	(2350,1630596590),
	(2351,1630596595),
	(2352,1630596600),
	(2353,1630596606),
	(2354,1630596611),
	(2355,1630596616),
	(2356,1630596622),
	(2357,1630596627),
	(2358,1630596632),
	(2359,1630596637),
	(2360,1630596643),
	(2361,1630596648),
	(2362,1630596653),
	(2363,1630596659),
	(2364,1630596664),
	(2365,1630596669),
	(2366,1630596675),
	(2367,1630596680),
	(2368,1630596685),
	(2369,1630596690),
	(2370,1630596696),
	(2371,1630596701),
	(2372,1630596706),
	(2373,1630596712),
	(2374,1630596717),
	(2375,1630596722),
	(2376,1630596728),
	(2377,1630596733),
	(2378,1630596738),
	(2379,1630596743),
	(2380,1630596749),
	(2381,1630596754),
	(2382,1630596759),
	(2383,1630596765),
	(2384,1630596770),
	(2385,1630596775),
	(2386,1630596781),
	(2387,1630596786),
	(2388,1630596791),
	(2389,1630596796),
	(2390,1630596802),
	(2391,1630596807),
	(2392,1630596812),
	(2393,1630596818),
	(2394,1630596823),
	(2395,1630596828),
	(2396,1630596833),
	(2397,1630596839),
	(2398,1630596844),
	(2399,1630596849),
	(2400,1630596855),
	(2401,1630596860),
	(2402,1630596865),
	(2403,1630596870),
	(2404,1630596876),
	(2405,1630596881),
	(2406,1630596886),
	(2407,1630596892),
	(2408,1630596897),
	(2409,1630596902),
	(2410,1630596908),
	(2411,1630596913),
	(2412,1630596918),
	(2413,1630596923),
	(2414,1630596929),
	(2415,1630596934),
	(2416,1630596939),
	(2417,1630596945),
	(2418,1630596950),
	(2419,1630596955),
	(2420,1630596960),
	(2421,1630596966),
	(2422,1630596971),
	(2423,1630596976),
	(2424,1630596982),
	(2425,1630596987),
	(2426,1630596992),
	(2427,1630596998),
	(2428,1630597003),
	(2429,1630597008),
	(2430,1630597013),
	(2431,1630597019),
	(2432,1630597024),
	(2433,1630597029),
	(2434,1630597034),
	(2435,1630597040),
	(2436,1630597045),
	(2437,1630597050),
	(2438,1630597056),
	(2439,1630597061),
	(2440,1630597066),
	(2441,1630597072),
	(2442,1630597077),
	(2443,1630597082),
	(2444,1630597087),
	(2445,1630597093),
	(2446,1630597098),
	(2447,1630597103),
	(2448,1630597108),
	(2449,1630597114),
	(2450,1630597119),
	(2451,1630597124),
	(2452,1630597130),
	(2453,1630597135),
	(2454,1630597140),
	(2455,1630597146),
	(2456,1630597151),
	(2457,1630597156),
	(2458,1630597161),
	(2459,1630597167),
	(2460,1630597172),
	(2461,1630597177),
	(2462,1630597183),
	(2463,1630597188),
	(2464,1630597193),
	(2465,1630597198),
	(2466,1630597204),
	(2467,1630597209),
	(2468,1630597214),
	(2469,1630597220),
	(2470,1630597225),
	(2471,1630597230),
	(2472,1630597236),
	(2473,1630597241),
	(2474,1630597246),
	(2475,1630597252),
	(2476,1630597257),
	(2477,1630597262),
	(2478,1630597267),
	(2479,1630597273),
	(2480,1630597278),
	(2481,1630597283),
	(2482,1630597300),
	(2483,1630597305),
	(2484,1630597310),
	(2485,1630597316),
	(2486,1630597321),
	(2487,1630597326),
	(2488,1630597332),
	(2489,1630597337),
	(2490,1630696578),
	(2491,1630696583),
	(2492,1630696703),
	(2493,1630696709),
	(2494,1630696853),
	(2495,1630696854),
	(2496,1630697029),
	(2497,1630697051),
	(2498,1630697404),
	(2499,1630697405),
	(2500,1630749787),
	(2501,1630749797),
	(2502,1630749807),
	(2503,1630749817),
	(2504,1630749832),
	(2505,1630749842),
	(2506,1630749852),
	(2507,1630749866),
	(2508,1630749873),
	(2509,1630749883),
	(2510,1630749893),
	(2511,1630749904),
	(2512,1630749914),
	(2513,1630749924),
	(2514,1630749934),
	(2515,1630749945),
	(2516,1630749955),
	(2517,1630749965),
	(2518,1630749975),
	(2519,1630749986),
	(2520,1630749996),
	(2521,1630750006),
	(2522,1630750016),
	(2523,1630750026),
	(2524,1630750037),
	(2525,1630750047),
	(2526,1630750057),
	(2527,1630750067),
	(2528,1630750078),
	(2529,1630750088),
	(2530,1630750098),
	(2531,1630750108),
	(2532,1630750119),
	(2533,1630750129),
	(2534,1630750153),
	(2535,1630750164),
	(2536,1630750174),
	(2537,1630750184),
	(2538,1630750213),
	(2539,1630750219),
	(2540,1630750224),
	(2541,1630750244),
	(2542,1630750249),
	(2543,1630750257),
	(2544,1630750263),
	(2545,1630750268),
	(2546,1630750274),
	(2547,1630750279),
	(2548,1630750284),
	(2549,1630750290),
	(2550,1630750295),
	(2551,1630750300),
	(2552,1630750305),
	(2553,1630750311),
	(2554,1630750316),
	(2555,1630750321),
	(2556,1630750327),
	(2557,1630750332),
	(2558,1630750337),
	(2559,1630750343),
	(2560,1630750348),
	(2561,1630750353),
	(2562,1630750359),
	(2563,1630750364),
	(2564,1630750369),
	(2565,1630750374),
	(2566,1630750380),
	(2567,1630750385),
	(2568,1630750390),
	(2569,1630750396),
	(2570,1630750401),
	(2571,1630750406),
	(2572,1630750412),
	(2573,1630750417),
	(2574,1630750422),
	(2575,1630750427),
	(2576,1630750433),
	(2577,1630750438),
	(2578,1630750443),
	(2579,1630750449),
	(2580,1630750454),
	(2581,1630750459),
	(2582,1630750465),
	(2583,1630750470),
	(2584,1630750475),
	(2585,1630750481),
	(2586,1630750486),
	(2587,1630750491),
	(2588,1630750496),
	(2589,1630750502),
	(2590,1630750507),
	(2591,1630750513),
	(2592,1630750518),
	(2593,1630750523),
	(2594,1630750528),
	(2595,1630750534),
	(2596,1630750539),
	(2597,1630750544),
	(2598,1630750550),
	(2599,1630750555),
	(2600,1630750560),
	(2601,1630750565),
	(2602,1630750571),
	(2603,1630750576),
	(2604,1630750581),
	(2605,1630750587),
	(2606,1630750592),
	(2607,1630750597),
	(2608,1630750603),
	(2609,1630750608),
	(2610,1630750613),
	(2611,1630750618),
	(2612,1630750624),
	(2613,1630750629),
	(2614,1630750634),
	(2615,1630750640),
	(2616,1630750645),
	(2617,1630750650),
	(2618,1630750656),
	(2619,1630750661),
	(2620,1630750666),
	(2621,1630750672),
	(2622,1630750677),
	(2623,1630750682),
	(2624,1630750688),
	(2625,1630750693),
	(2626,1630750698),
	(2627,1630750704),
	(2628,1630750709),
	(2629,1630750714),
	(2630,1630750720),
	(2631,1630750725),
	(2632,1630750730),
	(2633,1630750736),
	(2634,1630750741),
	(2635,1630750746),
	(2636,1630750751),
	(2637,1630750757),
	(2638,1630750762),
	(2639,1630750767),
	(2640,1630750773),
	(2641,1630750778),
	(2642,1630750783),
	(2643,1630750789),
	(2644,1630750794),
	(2645,1630750799),
	(2646,1630750804),
	(2647,1630750810),
	(2648,1630750815),
	(2649,1630750820),
	(2650,1630750826),
	(2651,1630750831),
	(2652,1630750836),
	(2653,1630750842),
	(2654,1630750847),
	(2655,1630750852),
	(2656,1630750858),
	(2657,1630750863),
	(2658,1630750868),
	(2659,1630750873),
	(2660,1630750879),
	(2661,1630750884),
	(2662,1630750889),
	(2663,1630750895),
	(2664,1630750900),
	(2665,1630750905),
	(2666,1630750911),
	(2667,1630750916),
	(2668,1630750921),
	(2669,1630750926),
	(2670,1630750932),
	(2671,1630750937),
	(2672,1630750942),
	(2673,1630750948),
	(2674,1630750953),
	(2675,1630750958),
	(2676,1630750964),
	(2677,1630750969),
	(2678,1630750975),
	(2679,1630750980),
	(2680,1630750985),
	(2681,1630750990),
	(2682,1630750996),
	(2683,1630751001),
	(2684,1630751007),
	(2685,1630751012),
	(2686,1630751017),
	(2687,1630751023),
	(2688,1630751028),
	(2689,1630751033),
	(2690,1630751038),
	(2691,1630751044),
	(2692,1630751049),
	(2693,1630751054),
	(2694,1630751060),
	(2695,1630751065),
	(2696,1630751070),
	(2697,1630751076),
	(2698,1630751081),
	(2699,1630751086),
	(2700,1630751092),
	(2701,1630751097),
	(2702,1630751102),
	(2703,1630751108),
	(2704,1630751113),
	(2705,1630751118),
	(2706,1630751124),
	(2707,1630751129),
	(2708,1630751134),
	(2709,1630751140),
	(2710,1630751145),
	(2711,1630751150),
	(2712,1630751155),
	(2713,1630751161),
	(2714,1630751166),
	(2715,1630751171),
	(2716,1630751177),
	(2717,1630751182),
	(2718,1630751187),
	(2719,1630751193),
	(2720,1630751198),
	(2721,1630751203),
	(2722,1630751209),
	(2723,1630751214),
	(2724,1630751219),
	(2725,1630751225),
	(2726,1630751230),
	(2727,1630751235),
	(2728,1630751241),
	(2729,1630751246),
	(2730,1630751251),
	(2731,1630751257),
	(2732,1630751262),
	(2733,1630751267),
	(2734,1630751272),
	(2735,1630751278),
	(2736,1630751283),
	(2737,1630751288),
	(2738,1630751294),
	(2739,1630751299),
	(2740,1630751304),
	(2741,1630751310),
	(2742,1630751315),
	(2743,1630751320),
	(2744,1630751326),
	(2745,1630751331),
	(2746,1630751336),
	(2747,1630751342),
	(2748,1630751347),
	(2749,1630751352),
	(2750,1630751358),
	(2751,1630751363),
	(2752,1630751368),
	(2753,1630751373),
	(2754,1630751379),
	(2755,1630751384),
	(2756,1630751390),
	(2757,1630751395),
	(2758,1630751400),
	(2759,1630751406),
	(2760,1630751411),
	(2761,1630751416),
	(2762,1630751422),
	(2763,1630751427),
	(2764,1630751432),
	(2765,1630751437),
	(2766,1630751443),
	(2767,1630751448),
	(2768,1630751453),
	(2769,1630751459),
	(2770,1630751464),
	(2771,1630751469),
	(2772,1630751475),
	(2773,1630751480),
	(2774,1630751485),
	(2775,1630751491),
	(2776,1630751496),
	(2777,1630751501),
	(2778,1630751507),
	(2779,1630751512),
	(2780,1630751517),
	(2781,1630751523),
	(2782,1630751528),
	(2783,1630751533),
	(2784,1630751539),
	(2785,1630751544),
	(2786,1630751549),
	(2787,1630751555),
	(2788,1630751560),
	(2789,1630751565),
	(2790,1630751570),
	(2791,1630751576),
	(2792,1630751581),
	(2793,1630751586),
	(2794,1630751592),
	(2795,1630751597),
	(2796,1630751602),
	(2797,1630751608),
	(2798,1630751613),
	(2799,1630751618),
	(2800,1630751624),
	(2801,1630751629),
	(2802,1630751634),
	(2803,1630751640),
	(2804,1630751645),
	(2805,1630751650),
	(2806,1630751656),
	(2807,1630751661),
	(2808,1630751666),
	(2809,1630751672),
	(2810,1630751677),
	(2811,1630751682),
	(2812,1630751688),
	(2813,1630751693),
	(2814,1630751698),
	(2815,1630751704),
	(2816,1630751709),
	(2817,1630751714),
	(2818,1630751720),
	(2819,1630751725),
	(2820,1630751730),
	(2821,1630751736),
	(2822,1630751741),
	(2823,1630751746),
	(2824,1630751752),
	(2825,1630751757),
	(2826,1630751762),
	(2827,1630751767),
	(2828,1630751773),
	(2829,1630751778),
	(2830,1630751783),
	(2831,1630751789),
	(2832,1630751808),
	(2833,1630751813),
	(2834,1630751818),
	(2835,1630751852),
	(2836,1630751857),
	(2837,1630780786),
	(2838,1631140900),
	(2839,1631198254),
	(2840,1631198261),
	(2841,1631198268),
	(2842,1631198284),
	(2843,1631198287),
	(2844,1631198570);

/*!40000 ALTER TABLE `timestamp` ENABLE KEYS */;
UNLOCK TABLES;


# Dump of table user
# ------------------------------------------------------------

DROP TABLE IF EXISTS `user`;

CREATE TABLE `user` (
  `id` int(11) unsigned NOT NULL AUTO_INCREMENT,
  `username` text,
  `password` varchar(64) DEFAULT NULL,
  `creation` int(11) unsigned NOT NULL,
  `location` text,
  `birthday` date DEFAULT NULL,
  PRIMARY KEY (`id`),
  KEY `creation` (`creation`),
  CONSTRAINT `user_creation_id` FOREIGN KEY (`creation`) REFERENCES `timestamp` (`id`)
) ENGINE=InnoDB DEFAULT CHARSET=latin1;

LOCK TABLES `user` WRITE;
/*!40000 ALTER TABLE `user` DISABLE KEYS */;

INSERT INTO `user` (`id`, `username`, `password`, `creation`, `location`, `birthday`)
VALUES
	(1,'Karl','1a5c947cdadea168aa6a4af103f6d906e71c4dc43040a0719faeb9f66093971b',1,NULL,NULL),
	(2,'Sabrina','de4cbc7a973ecc21a14fc06ef72f47071fe93593cf538c1d1c0cf7eafdf2cd84',2,NULL,NULL),
	(3,'Peter','4294598204880f05107af78cd4849b40a746341a5a3b3c363b0b59d735d8b842',3,NULL,NULL),
	(7,'david2','720d783c5cd188351657f38f5766c4c98d40ef4c2509552086704f33eee1d868',11,NULL,NULL),
	(8,'test','31650e826d3f67439e93301e7ba87a10449193e92f8f49a773c6e60ab745cc69',14,NULL,NULL),
	(9,'meetinguser1','fc29d5ca1af7ac407c8d3bb2ba4a42da27a8b18efcd3296dab519bd9a852541b',17,NULL,NULL),
	(10,'meetinguser4','c6606c0af17b13bcfc7df1ed43bb6989208b1facf16121bb4035dc2b627b15c8',18,NULL,NULL),
	(11,'max','b52db265d993d1a0222703347b8736e62580e66a47b86c293043ed4bc2ee2918',21,NULL,NULL),
	(12,'max434','b52db265d993d1a0222703347b8736e62580e66a47b86c293043ed4bc2ee2918',26,NULL,NULL),
	(13,'max611','b52db265d993d1a0222703347b8736e62580e66a47b86c293043ed4bc2ee2918',27,NULL,NULL),
	(14,'max785','b52db265d993d1a0222703347b8736e62580e66a47b86c293043ed4bc2ee2918',28,NULL,NULL),
	(15,'max217','b52db265d993d1a0222703347b8736e62580e66a47b86c293043ed4bc2ee2918',30,NULL,NULL),
	(16,'max740','b52db265d993d1a0222703347b8736e62580e66a47b86c293043ed4bc2ee2918',32,NULL,NULL),
	(17,'max707','b52db265d993d1a0222703347b8736e62580e66a47b86c293043ed4bc2ee2918',34,NULL,NULL),
	(18,'arduinotest1','4ea97f8bda61b0921688b875e447b0c5422f288b81782c052d3b5a12d61040eb',45,NULL,NULL),
	(19,'meetsinguser4','c6606c0af17b13bcfc7df1ed43bb6989208b1facf16121bb4035dc2b627b15c8',52,NULL,NULL),
	(20,'max835','b52db265d993d1a0222703347b8736e62580e66a47b86c293043ed4bc2ee2918',55,NULL,NULL),
	(21,'max853','b52db265d993d1a0222703347b8736e62580e66a47b86c293043ed4bc2ee2918',59,NULL,NULL),
	(22,'posttest1','4ea97f8bda61b0921688b875e447b0c5422f288b81782c052d3b5a12d61040eb',66,NULL,NULL),
	(23,'Test1','09a13b576f7f3623544a6923059343d1655e60f421fc6a0321706cd22e164c1b',79,NULL,NULL),
	(24,'Test2','09a13b576f7f3623544a6923059343d1655e60f421fc6a0321706cd22e164c1b',80,NULL,NULL),
	(25,'Test3','09a13b576f7f3623544a6923059343d1655e60f421fc6a0321706cd22e164c1b',81,NULL,NULL),
	(26,'1','ee22c230235388b2860f91caac91548454212a7df93deb7dca86a7957000e9d0',96,NULL,NULL),
	(27,'Hallo david','fb3d7a6d443d5f803cdb194f7206eb62e862bd486c26d0b56839104bdb4fc7b7',97,NULL,NULL),
	(28,'HollaDieWaldfee','4d4a430f17b585953a4c312e133d3d4ebf1500292ba1ad271b52648418735e43',98,NULL,NULL),
	(29,'Der Knig von jamaicaaaaa','abf08584b7bc82ebcbf331ffaa42d8a7bb3c23c375892748ca3cb4276490c22b',99,NULL,NULL),
	(30,'Man lobt euch halb mit Erbarmen, nach Golde drngt, am Golde hngt doch alles. Ach wir Armen!','f30e4306133c7bb073e25a3b15acb03675dfecced164cbc7ce1a58948629b972',100,NULL,NULL),
	(31,'36 Grad und es wird noch heier','839ab0881e833861f0945866dc95846b213d56a709cfd22e41dc62f060116162',101,NULL,NULL),
	(32,'Lauf Forest Lauf','ce12911f9bd45e3969808fabbc74fd903fa8db30c4b29c2548abaeb31260c5a5',102,NULL,NULL),
	(33,'max359','b52db265d993d1a0222703347b8736e62580e66a47b86c293043ed4bc2ee2918',115,NULL,NULL),
	(34,'max182','b52db265d993d1a0222703347b8736e62580e66a47b86c293043ed4bc2ee2918',116,NULL,NULL),
	(35,'max733','b52db265d993d1a0222703347b8736e62580e66a47b86c293043ed4bc2ee2918',117,NULL,NULL),
	(36,'max491','b52db265d993d1a0222703347b8736e62580e66a47b86c293043ed4bc2ee2918',119,NULL,NULL),
	(37,'','914d9638e57112e04e145dd3f78b97a59a0a7c776713565f048ac580db99b239',120,NULL,NULL),
	(38,'max332','b52db265d993d1a0222703347b8736e62580e66a47b86c293043ed4bc2ee2918',121,NULL,NULL),
	(39,'max466','b52db265d993d1a0222703347b8736e62580e66a47b86c293043ed4bc2ee2918',123,NULL,NULL),
	(40,'max133','b52db265d993d1a0222703347b8736e62580e66a47b86c293043ed4bc2ee2918',229,NULL,NULL),
	(41,'max313','b52db265d993d1a0222703347b8736e62580e66a47b86c293043ed4bc2ee2918',2490,NULL,NULL),
	(42,'max199','b52db265d993d1a0222703347b8736e62580e66a47b86c293043ed4bc2ee2918',2492,NULL,NULL),
	(43,'max573','b52db265d993d1a0222703347b8736e62580e66a47b86c293043ed4bc2ee2918',2494,NULL,NULL),
	(44,'max898','b52db265d993d1a0222703347b8736e62580e66a47b86c293043ed4bc2ee2918',2498,NULL,NULL),
	(45,'123','89f7718abfd7e43e704deca2a85b10cc488f2103a2db2634dec6638466948e53',2838,NULL,NULL),
	(46,'sdfsdf','bf1f13d462def98e64d7f584480eaa10f9737107cc2a63e643b992ecc32803e8',2839,NULL,NULL);

/*!40000 ALTER TABLE `user` ENABLE KEYS */;
UNLOCK TABLES;



/*!40111 SET SQL_NOTES=@OLD_SQL_NOTES */;
/*!40101 SET SQL_MODE=@OLD_SQL_MODE */;
/*!40014 SET FOREIGN_KEY_CHECKS=@OLD_FOREIGN_KEY_CHECKS */;
/*!40101 SET CHARACTER_SET_CLIENT=@OLD_CHARACTER_SET_CLIENT */;
/*!40101 SET CHARACTER_SET_RESULTS=@OLD_CHARACTER_SET_RESULTS */;
/*!40101 SET COLLATION_CONNECTION=@OLD_COLLATION_CONNECTION */;
