{
    "requires": [
        "bare-metal",
        "rtos-api",
        "spif-driver",
        "filesystem",
        "littlefs",
        "fat_chan",
        "flashiap-block-device"
    ],
    "config": {
        "update_file": {
            "help": "Path to the application update binary on the SD card",
            "value": "\"mbed-os-example-blinky_application.bin\""
        },
        "spif_mosi": {
            "help": "MCU pin connected to the SPI MOSI pin of the flash",
            "value": "SPI_PSELMOSI0"
        },
        "spif_miso": {
            "help": "MCU pin connected to the SPI MISO pin of the flash",
            "value": "SPI_PSELMISO0"
        },
        "spif_sck": {
            "help": "MCU pin connected to the SPI SCK pin of the flash",
            "value": "SPI_PSELSCK0"
        },
        "spif_cs": {
            "help": "MCU pin connected to the SPI CS pin of the flash",
            "value": "CS_FLASH"
        }
    },
    "target_overrides": {
        "NICLA": {
            "target.restrict_size": "0x10000",
            "target.components_add" : ["SPIF"],
            "target.c_lib": "small",
            "platform.stdio-baud-rate": 115200,
            "platform.default-serial-baud-rate": 115200,
            "target.macros_remove": ["CONFIG_GPIO_AS_PINRESET"]
            
        }
    }
}
