{
  "1": {
    "name": "ACC_PASS",
    "type": 5,
    "type-name": "xyz"
  },

  "3": {
    "name": "ACC_RAW",
    "type": 5,
    "type-name": "xyz"
  },

  "4": {
    "name": "ACC",
    "type": 5,
    "type-name": "xyz"
  },

  "5": {
    "name": "ACC_BIAS",
    "type": 5,
    "type-name": "xyz"
  },

  "6": {
    "name": "ACC_WU",
    "type": 5,
    "type-name": "xyz"
  },

  "7": {
    "name": "ACC_RAW_WU",
    "type": 5,
    "type-name": "xyz"
  },

  "10": {
    "name": "GYRO_PASS",
    "type": 5,
    "type-name": "xyz"
  },

  "12": {
    "name": "GYRO_RAW",
    "type": 5,
    "type-name": "xyz"
  },

  "13": {
    "name": "GYRO",
    "type": 5,
    "type-name": "xyz"
  },

  "22": {
    "name": "MAGNET",
    "type": 5,
    "type-name": "xyz"
  },

  "24": {
    "name": "MAGNET_WU",
    "type": 5,
    "type-name": "xyz"
  },

  "28": {
    "name": "GRAVITY",
    "type": 5,
    "type-name": "xyz"
  },

  "32": {
    "name": "LINEAR_ACC_WU",
    "type": 5,
    "type-name": "xyz"
  },

  "43": {
    "name": "ORI",
    "type": 6,
    "type-name": "orientation"
  },

  "128": {
    "name": "TEMPERATURE",
    "type": 0,
    "type-name": "temperature"
  },

  "132": {
    "name": "TEMPERATURE_WU",
    "type": 0,
    "type-name": "temperature"
  },

  "130": {
    "name": "HUMIDITY",
    "type": 1,
    "type-name": "humidity"
  },

  "134": {
    "name": "HUMIDITY_WU",
    "type": 1,
    "type-name": "humidity"
  },

  "129": {
    "name": "BAROMETER",
    "type": 7,
    "type-name": "barometer"
  },

  "133": {
    "name": "BAROMETER_WU",
    "type": 7,
    "type-name": "barometer"
  },

  "131": {
    "name": "GAS",
    "type": 8,
    "type-name": "gas"
  },

  "135": {
    "name": "GAS_WU",
    "type": 8,
    "type-name": "gas"
  }

}
